-- MySQL dump 10.13  Distrib 8.0.23, for Win64 (x86_64)
--
-- Host: localhost    Database: madridlibraryproject
-- ------------------------------------------------------
-- Server version	8.0.23

/*!40101 SET @OLD_CHARACTER_SET_CLIENT=@@CHARACTER_SET_CLIENT */;
/*!40101 SET @OLD_CHARACTER_SET_RESULTS=@@CHARACTER_SET_RESULTS */;
/*!40101 SET @OLD_COLLATION_CONNECTION=@@COLLATION_CONNECTION */;
/*!50503 SET NAMES utf8 */;
/*!40103 SET @OLD_TIME_ZONE=@@TIME_ZONE */;
/*!40103 SET TIME_ZONE='+00:00' */;
/*!40014 SET @OLD_UNIQUE_CHECKS=@@UNIQUE_CHECKS, UNIQUE_CHECKS=0 */;
/*!40014 SET @OLD_FOREIGN_KEY_CHECKS=@@FOREIGN_KEY_CHECKS, FOREIGN_KEY_CHECKS=0 */;
/*!40101 SET @OLD_SQL_MODE=@@SQL_MODE, SQL_MODE='NO_AUTO_VALUE_ON_ZERO' */;
/*!40111 SET @OLD_SQL_NOTES=@@SQL_NOTES, SQL_NOTES=0 */;

--
-- Table structure for table `authors`
--

DROP TABLE IF EXISTS `authors`;
/*!40101 SET @saved_cs_client     = @@character_set_client */;
/*!50503 SET character_set_client = utf8mb4 */;
CREATE TABLE `authors` (
  `author_id` int NOT NULL AUTO_INCREMENT,
  `first_name` varchar(64) DEFAULT NULL,
  `last_name` varchar(64) DEFAULT NULL,
  PRIMARY KEY (`author_id`)
) ENGINE=InnoDB AUTO_INCREMENT=986 DEFAULT CHARSET=utf8 COLLATE=utf8_general_ci;
/*!40101 SET character_set_client = @saved_cs_client */;

--
-- Dumping data for table `authors`
--

/*!40000 ALTER TABLE `authors` DISABLE KEYS */;
REPLACE INTO `authors` VALUES (1,' pablo','albo'),(2,' roberto','aliaga'),(3,' fernando','alonso'),(4,' ronda','armitage'),(5,' martin','baltscheit'),(6,' l. frank','baum'),(7,' quentin','blake'),(8,' anette','bley'),(9,' jolly roger','bradfield'),(10,' jane','bull'),(11,'Seledad, Mercedez, María','Candel, Garín, López'),(12,'Anna, Agustín','Canyelles, Comotto'),(13,' jesús','carazo'),(14,' michael','catchpool'),(15,' juan carlos','chandro'),(16,' delphine','chedru'),(17,' iwona','chmielewska'),(18,' juan','clemente gómez'),(19,' annick','combier'),(20,' juan','darién'),(21,' gilbert','delahaye'),(22,' ted','dewan'),(23,' claude k.','dubois'),(24,' polly','dunbar'),(25,'teresa, albert','duran, jané'),(26,' juan','farias huanqui'),(27,' josep m.','fonalleras'),(28,' carlo','frabetti'),(29,' cornelia','franz'),(30,' cornelia','funke'),(31,' bruno','gibert'),(32,' alfredo','gómez cerdá'),(33,' jorge','gonzalvo'),(34,' bob','graham'),(35,' anne','guéry'),(36,'gusti','gusti'),(37,' jennifer l.','holm'),(38,' juan kruz','igerabide'),(39,' heinz','janisch'),(40,' françoise','jay'),(41,'gallimard, laura','jeunesse, bour'),(42,' konami','kanata'),(43,' gabriela','keselman'),(44,' geert de','kockere'),(45,' mike','kunkel'),(46,' stéphanie','ledu'),(47,'porter & coates','porter & coates'),(48,' paul','maar'),(49,' eric','maddern'),(50,' inma','morales arance'),(51,' vicente','muñoz puelles'),(52,' aquiles','nazoa'),(53,' xose a.','neira cruz'),(54,' christine','nöstlinger'),(55,' boniface','ofogo'),(56,' isabel','olid'),(57,' stéphane','ollivier'),(58,' beatriz','osés'),(59,' jorge de','pallejá'),(60,' victoria','pérez escrivá'),(61,' fernando','pessoa'),(62,' yvan','pommaux'),(63,' carmen','posadas'),(64,' helen','recorvits'),(65,' gianni','rodari'),(66,' béatrice','rodriguez'),(67,' gustavo','roldán'),(68,' andy','rowland'),(69,' claudia','rueda'),(70,' care','santos'),(71,' axel','scheffler'),(72,' jürg','schubiger'),(73,' alain','serres'),(74,' antonio','skármeta'),(75,' javier','sobrino'),(76,' kristina','stephenson'),(77,' eugene','tivizas'),(78,' kazumi','yumoto'),(79,' reiner','zimnik'),(80,' simon','adams'),(81,' sandra','albukrek sebban'),(82,' ferran','alexandri'),(83,'mil millones de tuberías','mil millones de tuberías'),(84,'leonardo da vinci','leonardo da vinci'),(85,' alicia','barberis'),(86,' rogério andrade','barbosa'),(87,' josep maría','barres manuel'),(88,' laëtitia','bourget'),(89,' mila','boutan'),(90,' oscar','brenifier'),(91,'jeffrey','brown'),(92,' eliacer','cansino'),(93,' ramón','caride'),(94,' lewis','carrol'),(95,' jiang hong','chen'),(96,'tony, holly','diterlizzi, black'),(97,' philip','dixon'),(98,' hendrik','dorgathen'),(99,' anne w.','faraggi'),(100,' agustín','fernández paz'),(101,' neil','gaiman'),(102,' laura','gallego'),(103,'josé luis, concha','gárfer, fernández'),(104,' patricia','geis'),(105,' marta','gené camps'),(106,' alan','gibbons'),(107,'grassa toro','grassa toro'),(108,' xulio','gutiérrez'),(109,' willis','hall'),(110,' miguel','hernández'),(111,' stian','hole'),(112,'_, federico','homero, villalobos'),(113,' elizabeth singer','hunt'),(114,' karen','king'),(115,' kate','knighton'),(116,' alain','korkos'),(117,' taï-marc','le thanh'),(118,' luc','lefort'),(119,NULL,NULL),(120,' níger','madrigal'),(121,' henning','mankell'),(122,' anna','manso'),(123,' john','marsden'),(124,' lene','mayer-skumanz'),(125,' susan','meredith'),(126,' juan josé','millás'),(127,' gabriela','mistral'),(128,' shenaaz','nanji'),(129,' daniel','nesquens'),(130,' luca','novelli'),(131,' josé','oliver'),(132,' rafael','ordóñez cuadrado'),(133,' carmen','pacheco'),(134,' michel','piquemal'),(135,' adam','rex'),(136,' pablo c.','reyna'),(137,' valentín','rincón'),(138,' antonio','rubio'),(139,' andrea','schacht'),(140,' martz','schmidt'),(141,' beatrix','schnippenkoetter'),(142,' moacyr','scliar'),(143,'joann, lewis','sfar, trondheim'),(144,' jordi','sierra i fabra'),(145,'bill, jim','slavin, slavin'),(146,' jeff','smith'),(147,' gerónimo','stilton'),(148,' norma','sturniolo'),(149,' jiro','taniguchi'),(150,' paul','thiès'),(151,' león','tolstói'),(152,'lewis, sergio','trondheim, garcía'),(153,' finár','turkowski'),(154,' miguel de','unamuno'),(155,' manuel','vázquez'),(156,' beatriz','vegas serrano'),(157,' fabien','vehlmann'),(158,' edward van de','vendel'),(159,' juan','villoro'),(160,' maría elena','walsh'),(161,'fei, marie','wang, sellier'),(162,' john','woodward'),(163,' lewis','york'),(164,' elie','zéda'),(165,' émile','zola'),(166,' patxi','zubizarreta'),(167,' arturo','abad'),(168,' philip','ardagh'),(169,' martina','badstuber'),(170,'marcelo, marta','birmajer, villegas'),(171,' irene','blasco'),(172,'blexbolex','blexbolex'),(173,' ana','bonilla rius'),(174,' tony','bradman'),(175,' davide','cali'),(176,' isabelle','carrier'),(177,' anna','castagnoli'),(178,' david','chauvel'),(179,' chih-yuan','chen'),(180,' yun-jeong','choi'),(181,' lucy','cousins'),(182,' alex','cousseau'),(183,'claude, gallimard','delafosse, jeunesse'),(184,' guy','delisle'),(185,' cecilia','eudave'),(186,' josé luis','ferris'),(187,' enrique','flores'),(188,' béatrice','fontanel'),(189,' michael','foreman'),(190,' antón','fortes'),(191,' ramón','girona'),(192,' donald','grant'),(193,' heather','henson'),(194,' mary','hoffman'),(195,' benoît','jacques'),(196,' oliver','jeffers'),(197,' mauri','kunnas'),(198,' benjamín','lacombe'),(199,'benjamín, sébastien','lacombe, perez'),(200,' magali','le huche'),(201,' anik','le ray'),(202,' suzy','lee'),(203,' marjolaine','leray'),(204,' agnès de','lestrade'),(205,' mats','letén'),(206,' boy','lornsen'),(207,' pedro','mañas'),(208,' maría','martínez i vendrell'),(209,' ana','merino'),(210,'metropolitan museum of art','metropolitan museum of art'),(211,' isabel','minhós martins'),(212,' jon j','muth'),(213,' silvia','nanclares'),(214,'santi, alex','navarro, fuentes'),(215,' pablo','neruda'),(216,' wanja','olten'),(217,' eitaro','oshima'),(218,' sara','pennypacker'),(219,' carlos','pérez'),(220,' roberto','piumini'),(221,'puño','puño'),(222,' armando','quintero'),(223,' manuel','rivas'),(224,' mónica','rodríguez'),(225,' javier','sáez castán'),(226,' antonio','santos'),(227,' lawrence','schimel'),(228,' peter','schössow'),(229,' marie','sellier'),(230,' ingo','siegner'),(231,' toon','tellegen'),(232,' marit','törnqvist'),(233,' einar','turkowski'),(234,' marie','vaudescal'),(235,' ruth','vilar'),(236,' celia','viñas'),(237,' philip','waechter'),(238,' catalina','wajs'),(239,' mélanie','watt'),(240,' robert e.','wells'),(241,' oscar','wilde'),(242,' jeanne','willis'),(243,' jeanette','winter'),(244,' john','yeoman'),(245,' monique','zepeda'),(246,' cecilia','afonso esteves'),(247,'los lobos de willoghby chase','los lobos de willoghby chase'),(248,' felipe','alfau'),(249,' ingrid de','armas'),(250,' pierdomenico','baccalario'),(251,' maría','baranda'),(252,'bata','bata'),(253,' hilari','bell'),(254,' alicia','borrás sanjurjo'),(255,' tim','bowley'),(256,' manuel','brugarolas'),(257,' sean','callery'),(258,' mercedes','calvo'),(259,'victor, susana','cadet, peix'),(260,' concha','cardeñosa sáenz de miera'),(261,' patrick','carmen'),(262,' fina','casalderrey'),(263,' antón','chéjov'),(264,'rubén, luis','darío, muños'),(265,' terry','deary'),(266,' angèle','delaunois'),(267,' rosa','díaz'),(268,' tony','diterlizzi'),(269,' christiane','dorion'),(270,' salamanda','drake'),(271,' guillaume','duprat'),(272,' bob','dylan'),(273,' adriana','falcão'),(274,' tracey e.','fern'),(275,' maría josé','ferrada lefenda'),(276,' josé','fonollosa'),(277,' belén','gopegui'),(278,' noah','gordon'),(279,' edward','gorey'),(280,' peter','grego'),(281,' françoise de','guibert'),(282,' mark','haddon'),(283,' bruno','heitz'),(284,' franz','hohler'),(285,' tove','jansson'),(286,'gallimard, jean-philippe, dominique','jeunesse, chabot, joly'),(287,' tim','kehoe'),(288,' jeff','kinney'),(289,' james','krüss'),(290,' magdalena','labarga'),(291,' giles','laroche'),(292,' philippe','lechermeier'),(293,' j. patrick','lewis'),(294,' jimmy','liao'),(295,' paul van','loon'),(296,' p.i.','maltbíe'),(297,' juan carlos','martín ramos'),(298,' keith','mcgowan'),(299,' michèle','mira pons'),(300,' susie','morgenstern'),(301,' gonzalo','moure'),(302,' rodrigo','muños avia'),(303,' pam','muñoz ryan'),(304,' rosa','navarro durán'),(305,' daniel','nequens'),(306,' luis maría','pescetti'),(307,' william','petty'),(308,' martín','piñol'),(309,'joan','portell rifà'),(310,' otfried','preussler'),(311,' nora','raleigh baskin'),(312,' jutta','richter'),(313,' sibylle','rieckhoff'),(314,' sara','rosenberg'),(315,' paloma','sánchez ibarzábal'),(316,'juan miguel','sánchez vigil'),(317,' marcus','sedgwick'),(318,' a.c.h.','smith'),(319,' josé antonio','tässies'),(320,'tute','tute'),(321,' eugenia','alcázar'),(322,' hans christia','andersen'),(323,' santiago','balmes sanfeliu'),(324,' lolita','bosch'),(325,' anthony','browne'),(326,' pep','bruno'),(327,' quint','buchholz'),(328,' eulàlia','canal'),(329,' benjamin','chaud'),(330,' katie','cleminson'),(331,' claire','d\'harcourt'),(332,' marie','díaz'),(333,' wanda','gág'),(334,' nikolaus','heidelbach'),(335,' christa','holtei'),(336,' jean-pierre','jäggi'),(337,'janosch','janosch'),(338,'alicia, natalia','jiménez sánchez, garcía fernández'),(339,' fernando','krahn'),(340,' martín','león barreto'),(341,'lluïsot','lluïsot'),(342,'roberto, francisco javier','malo, mateos'),(343,' gustavo','martín garzo'),(344,' eduardo','mendoza'),(345,' henri','meunier'),(346,' reinhard','michl'),(347,'vicki, bret','myron, witter'),(348,' àngels','navarro'),(349,' sven','nordqvist'),(350,' delphine','perret'),(351,' marcus','pfister'),(352,'_, _','pinto, chinto'),(353,' maurice','pledger'),(354,' jacques','prévert'),(355,' niroot','puttapipat'),(356,' nelson','ramos castro'),(357,' piret','raud'),(358,' tony','ross'),(359,' emilio','ruiz'),(360,' kathrin','schärer'),(361,' lucía','serrano'),(362,' lane','smith'),(363,'tino','tino'),(364,' marije','tolman'),(365,' mireia','trius'),(366,' elsa','valentin'),(367,' catherine','woram'),(368,' haruo','yamashita'),(369,' michel van','zeveren'),(370,' patricia','alonso de agustín'),(371,' ianna','andréadis'),(372,' diego','arboleda'),(373,'avi','avi'),(374,' iban','barrenetxea'),(375,'lewis, sophie','carroll, koechlin'),(376,' joseph','d\'agnese'),(377,'demi','demi'),(378,' denise','despeyroux'),(379,' ian','falconer'),(380,' tom','fernández'),(381,' peter','kent'),(382,'kurusa','kurusa'),(383,'fernando, josé mª','lalana, almárcegui'),(384,' stephen','law'),(385,' astrid','lindren'),(386,' xan','lópez domínguez'),(387,'andreu, jaume','martín, ribera'),(388,'alexandra, anke','maxeiner, kuhl'),(389,' mercedes','neuschäfer-carlón'),(390,' uwe','ommer'),(391,' susan','patron'),(392,' philippa','pearce'),(393,' andrés','pi andreu'),(394,' marta','rivera de la cruz'),(395,' félix maría de','samaniego'),(396,' marjane','satrapi'),(397,' adolfo','serra'),(398,' robert louis','stevenson'),(399,' barbara','taylor'),(400,' nahoko','uehashi'),(401,' emilio','urberuaga'),(402,' tom','adams'),(403,' maría teresa','andruetto'),(404,' judi','barrett'),(405,' sonja','bougaeva'),(406,' jairo','buitrago'),(407,'darabuc','darabuc'),(408,' raquel','díaz reguera'),(409,' wolf','erlbruch'),(410,' michael','escoffier'),(411,' rodrigo','folgueira'),(412,' nanu','gonzález'),(413,'jakob, kurt','hein, kröner'),(414,' maría','hergueta'),(415,' anna','kemp'),(416,' gemma','martía o\'toole'),(417,'patricia, cayo','metola, martínez'),(418,' fernando','pérez hernando'),(419,' josefa aurora','rodríguez silvera'),(420,' salva','rubio'),(421,' coralie','saudo'),(422,' emmanuelle','tyras'),(423,' klaas','verplancke'),(424,' jenny','wagner'),(425,' brigitte','weninger'),(426,' clare','youngs'),(427,' david','aceituno'),(428,' marta','arteaga'),(429,' donald','barthelme'),(430,' mario','benedetti'),(431,' rotraut susanne','berner'),(432,' juan','berrio'),(433,' marc','beynié'),(434,' paula','carballeira'),(435,' rébecca','dautremer'),(436,' laëtitia','devernay'),(437,' david','fernández sifres'),(438,' laura','gallego garcía'),(439,' susana','gómez redondo'),(440,' catalina','gonzález vilar'),(441,' keir','graff'),(442,'jacob ludwig, wilhelm','grimm, karl'),(443,' nick','crane'),(444,' cornelius','krippa'),(445,' sarah','lean'),(446,' christophe','mauri'),(447,' jean-claude','mourlevat'),(448,' cristina','norton'),(449,' peter van','olmen'),(450,'james, chris','patterson, tebbetts'),(451,' josé a.','ramírez lozano'),(452,' ignacio','sanz'),(453,' ricardo','alcántara'),(454,' marta','altés'),(455,' irene','aparici'),(456,' mar','benegas'),(457,' andré','bouchard'),(458,' demián','bucay'),(459,' ramiro','calle'),(460,' josefa','casalderrey fraga'),(461,' marta','chaves'),(462,' matthew','cordell'),(463,'el hematocrítico','el hematocrítico'),(464,' géraldine','elschner'),(465,' david','granados niubó'),(466,' nono','granero'),(467,' mieke van','hooft'),(468,' william','joyce'),(469,' ji-hyun','lee'),(470,' adam','lehrhaupt'),(471,' maría josé','martín francés'),(472,' rocío','martínez'),(473,' alexandra','maxeiner'),(474,' david','mckee'),(475,' fina','meroto'),(476,' asha','miró'),(477,' enrique','páez'),(478,' komako','sakai'),(479,' gloria','sánchez'),(480,' annie m.g.','schmidt'),(481,' maurice','sendak'),(482,' sean','taylor'),(483,' adela','turín'),(484,' susan','verde'),(485,' david','wiesner'),(486,' virginie','aladjidi'),(487,' luisa','antolín'),(488,' octavio','botana'),(489,' sarah o\'leary','burningham'),(490,' llanos','campos'),(491,' federico','garcía lorca'),(492,'jacob, wilhelm','grimm, grimm'),(493,' karin','gruß'),(494,' ana cristina','herreros'),(495,' maría jesús','jábato'),(496,' yuichi','kimura'),(497,' astrid','lindgren'),(498,'maría, marta','menéndez-ponte, azcona'),(499,' paloma','muiña'),(500,' salah','naoura'),(501,' kristina','ohlsson'),(502,' matthias','picard'),(503,' sofía','rhei'),(504,' chris','riddell'),(505,' peter','sís'),(506,' shaun','tan'),(507,' germano','zullo'),(508,' josé antonio','abad varela'),(509,' ximo','abadía'),(510,' sylvain','alzial'),(511,'mundo loco','mundo loco'),(512,' xosé','ballesteros'),(513,'martin, christine','baltzcheit, schwarz'),(514,' adrienne','barman'),(515,' jennifer','berne'),(516,' susan','blackaby'),(517,' rocío','bonilla'),(518,' wilhelm','busch'),(519,' paula','carbonell'),(520,' ingrid','chabbert'),(521,' jason','chin'),(522,' mike','curato'),(523,' sophie','dauvois'),(524,' alexis','deacon'),(525,' olga de','dios'),(526,' arianne','faber'),(527,' julie','fogliano'),(528,' ruth stiles','gannet'),(529,' carmen','gil'),(530,' laura','herrera'),(531,' chris','higgins'),(532,'icinori','icinori'),(533,' dahlov','ipcar'),(534,'isol','isol'),(535,' steve','jenkins'),(536,' elin','kelsey'),(537,' torben','kuhlmann'),(538,' nina','laden'),(539,' alex','latimer'),(540,' bil','lepp'),(541,' kai','luttner'),(542,' stein erik','lunde'),(543,' kyo','maclear'),(544,' manuel','marsol'),(545,' margarita del','mazo'),(546,' jackie','morris'),(547,' núria','parera'),(548,' roberto','parmeggiani'),(549,' maría','pascual'),(550,' levi','pinfold'),(551,' sylvia','plath'),(552,' aaron','reynolds'),(553,' barb','rosenstock'),(554,' mª isabel','sánchez vergara'),(555,' pepe','serrano'),(556,' shel','silverstein'),(557,' lemony','snicket'),(558,' catarina','sobral'),(559,' carme','solé vendrell'),(560,' bob','staake'),(561,' frank','tashlin'),(562,' rafael r.','valcárcel'),(563,' irene','vasco'),(564,' éric','veillé'),(565,' ariel a.','almada'),(566,' amaya','bozal'),(567,' carles','cano'),(568,'rolande, nane y jean-luc','causse, vézinet'),(569,' jan','de kinder'),(570,' federico','delicado'),(571,' mathilde','domecq'),(572,'ensemble agora','ensemble agora'),(573,' laura','forchetti'),(574,' inés','garland'),(575,' ricardo','henriques'),(576,' natsumi','hoshino'),(577,' daniil','jarms'),(578,' diana wynne','jones'),(579,' deborah','kespert'),(580,' sergio','lairla'),(581,'åsa, ingela','larsson, korsell'),(582,' oren','lavie'),(583,' alison','lester'),(584,' xiong','liang'),(585,' bjorn rune','lie'),(586,' margaret','mahy'),(587,' luis','matilla'),(588,' patrick','modiano'),(589,' marian','montoro'),(590,' rodrigo','muñoz avia'),(591,' daniel','nassar'),(592,' akihiro','nishino'),(593,' arianna','papini'),(594,' luke','pearson'),(595,' sébastien','perez'),(596,'charles, jacob, wilhelm','perrault, grimm, grimm'),(597,'maja, jil','pitamic, laidlaw'),(598,' juan carlos','quezadas'),(599,' philip','reeve'),(600,' aurora','ruá'),(601,' javier','ruescas'),(602,' cristina','sánchez-andrade'),(603,' sophie','strady'),(604,' antonio','tabucchi'),(605,'tejubehan','tejubehan'),(606,' jordi','amenós'),(607,' montserrat del','amo'),(608,' juan','arjona'),(609,' txabi','arnal'),(610,' halil','bárcena'),(611,'catherine, steve','barr, williams'),(612,' riki','blanco'),(613,' ilan','brenman'),(614,' jean de','brunhoff'),(615,' josé','campanari'),(616,' miguel','cerro'),(617,' katie','cotton'),(618,' fulvia','degl\'innocenti'),(619,' jenni','desmond'),(620,' lupe','estévez'),(621,'diane, christyan','fox, fox'),(622,' jostein','gaarder'),(623,' carlos','grassa toro'),(624,'guridi','guridi'),(625,' kazuo','iwamura'),(626,'lemniscates','lemniscates'),(627,' anna','llenas'),(628,' vanesa','pérez-sauquillo'),(629,' fran','pintadera'),(630,' celia','pisos'),(631,' hélène','rice'),(632,' guia','risari'),(633,' francesca','sanna'),(634,' stéphanie roth','sisson'),(635,' maría','solar'),(636,' thé','tjong-khing'),(637,' max','velthuijs'),(638,' lani','yamamoto'),(639,' zoraida','zaro'),(640,' ahn','zhe'),(641,' john','agard'),(642,' jenny','broom'),(643,' pere','calders'),(644,' julie','colombet'),(645,' ledicia','costas'),(646,' owen','davey'),(647,'irene, hans magnus','dische, enzensberger'),(648,' anne-gaëlle','féjoz'),(649,' katharina von der','gathen'),(650,' ricardo','a henriques'),(651,'hittouch','hittouch'),(652,' joshua','jay'),(653,' kathy','kacer'),(654,' kestutis','kasparavicius'),(655,' pepe','maestro'),(656,'itziar, jorge','miranda, miranda'),(657,'aleksandra, daniel','mizielinska, mizielinska'),(658,' damián','montes'),(659,' desmond','morris'),(660,' fiona','munro'),(661,' amy','novesky'),(662,' maria','parr'),(663,'yvan, christophe','pommaux, ylla-somers'),(664,' raman','prinja'),(665,' enrique','quevedo'),(666,' pedro','riera'),(667,' isabel','ruiz ruiz'),(668,' roberto','santiago'),(669,'sempé','sempé'),(670,' annika','thor'),(671,' alaine','agirre'),(672,' laia de','ahumada'),(673,' anuska et al.','allepuz'),(674,' josé ramón','alonso'),(675,' luis','amavisca'),(676,' gioconda','belli'),(677,' julien','billaudeau'),(678,' olga','capdevila'),(679,' sonja','danowski'),(680,' tessa julià','dinarès'),(681,' elena','ferrante'),(682,' gloria','fuertes'),(683,' roxane marie','galliez'),(684,'ana','garralón'),(685,' antónio jorge','gonçalves'),(686,' antonio','gramsci'),(687,' marta','guijarro'),(688,'oliver, sam','jeffers, winston'),(689,' elisabeth helland','larsen'),(690,' jean','leroy'),(691,' arnold','lobel'),(692,' beatriz','martín vidal'),(693,' akiko','miyakoshi'),(694,' madalena','moniz'),(695,' laurent','moreau'),(696,' fran','nuño'),(697,' gerhard','oberländer'),(698,' myriam','ouyessad'),(699,' ana','palmero cáceres'),(700,' antonis','papatheodoulou'),(701,' fabrice','parme'),(702,' joana','raspall'),(703,'sozapato','sozapato'),(704,' bernard','villiot'),(705,' patrick','wirbeleit'),(706,' ed','young'),(707,' matías','alinovi'),(708,' katherine','applegate'),(709,' gilles','bachelet'),(710,' teresa','benéitez'),(711,' coralie','bickford-smith'),(712,' oriol','canosa'),(713,' janna','carioli'),(714,' laura','carlin'),(715,' vincent','carpentier'),(716,' maite','carranza'),(717,' david daniel','álvarez'),(718,'paloma, kike','corral, ibáñez'),(719,' iñaki r.','díaz'),(720,' antonio','fischetti'),(721,' patricia','garcía sánchez'),(722,'guojing','guojing'),(723,' a.f.','harrold'),(724,' siri','kolu'),(725,' kristin','lidström'),(726,' marta','millà'),(727,' frida','nilsson'),(728,' franck','prévot'),(729,' dora','sales'),(730,' riad','sattouf'),(731,' joann','sfar'),(732,' piotr','socha'),(733,' johanna','spyri'),(734,' natalí','tentori'),(735,' josé ignacio','valenzuela'),(736,' jakob','wegelius'),(737,'rachel, emily','williams, hawkins'),(738,' robert','barry'),(739,' davina','bell'),(740,' carmen','chica'),(741,' gina','clotet'),(742,'carlo, alessandro','collodi, gallenzi'),(743,' benji','davies'),(744,'silvia, david','fernández, fernández'),(745,' jean-marc','fiess'),(746,' peter','goes'),(747,' daniel','gray-barnett'),(748,' andrés','guerrero'),(749,' susanna','isern'),(750,' laura','knowles'),(751,' francisco','llorca'),(752,' megan warner','lloyd'),(753,' chiara','lorenzoni'),(754,' jessica','love'),(755,' susanna','mattiangeli'),(756,'planta un árbol','planta un árbol'),(757,' sara','o\'leary'),(758,' estrella','ortiz'),(759,' ester','pardo'),(760,' lorenz','pauli'),(761,' guillaume','perreault'),(762,' nikolai','popov'),(763,'romana, andriy','romanyshyn, lesiv'),(764,' mª isabel','sánchez vegara'),(765,' gema','sirvent'),(766,' william','steig'),(767,' nelly','stéphane'),(768,' joe','todd-stanton'),(769,' luca','tortolini'),(770,' tomi','ungerer'),(771,' giovanna','zoboli'),(772,'yuval, barbara','zommer, taylor'),(773,' fran','alonso'),(774,' andrea','antinori'),(775,'atak','atak'),(776,' cece','bell'),(777,'claudia, eleanor','bold, meredith'),(778,' riccardo','bozzi'),(779,'inês, raimon','caste-branco, penikkar'),(780,' flavia','company'),(781,' mónica de','cristóbal álvarez'),(782,' giuseppe','festa'),(783,' neil','gaimann'),(784,' antonio','garcía teijeiro'),(785,' victor','garcía tur'),(786,' jacques','goldstyn'),(787,' wojciech','grajkowski'),(788,' florence parry','heide'),(789,' rosa','huertas'),(790,' mari kanstad','johnsen'),(791,' yoo','jun-jae'),(792,' josé antonio','lozano rodríguez'),(793,' ana maría','matute'),(794,' luisa','méndez'),(795,' juliana','muños toro'),(796,' katie','o\'neill'),(797,' cecilia','pisos'),(798,' cristina','pujol buhigas'),(799,'sonia, silvana','rayos, andrés'),(800,' fiona','robinson'),(801,' josé','saramago'),(802,' ana','sender'),(803,' marga','tojo'),(804,' valija','zinck'),(805,' aleix','aguilà'),(806,' kunihiko','aoyama'),(807,' mélodie','baschet'),(808,' leire','bilbao'),(809,' horacio','cavallo'),(810,' nicola','davies'),(811,' marianne','dubuc'),(812,' yael','frankel'),(813,' mathias','friman'),(814,' florencia','gattari'),(815,' emma','giuliani'),(816,' santiago','gonzález'),(817,' emmanuelle','grundmann'),(818,' kirsten','hall'),(819,' raquel','lanseros'),(820,' leo','lionni'),(821,' andreu','llinàs'),(822,' wilfrid','lupano'),(823,' maría eugenia','manrique'),(824,' laia','massons'),(825,' rhode','montijo'),(826,' miki','naranja'),(827,' jesús','ortiz'),(828,' maría','quintana silva'),(829,' valentina','rizzi'),(830,' yoko','sano'),(831,' amparo','sena'),(832,' nathalie','tordjman'),(833,' elias','våhlund'),(834,'mi amigo futbolista','mi amigo futbolista'),(835,' sofía','venzel'),(836,' przemystaw','wechterowicz'),(837,' shinsuke','yoshitake'),(838,' pierre','zenzius'),(839,' klaus','hagerup'),(840,' m.c.','arellano'),(841,' linda','bailey'),(842,' jan','bajtlik'),(843,' alex','bell'),(844,' beatriz','berrocal'),(845,'kirsti, geir wing','blom, gabrielsen'),(846,' andrea','camilleri'),(847,' maria aurèlia','capmany'),(848,'laure, jessie','flavigny, mangana'),(849,' timothée de','fombelle'),(850,'antonio, juan carlos','garcía teijeiro, martín ramos'),(851,' nieves','garcía'),(852,' imogen','greenberg'),(853,' emanuelle','grundmann'),(854,' ellen','holmboe'),(855,'lila, bahman','ibrahim-lamrous, namvar-motlag'),(856,' rambharos','jha'),(857,' félix','jiménez moreno'),(858,' claire','lecoeuvre'),(859,' asa','lind'),(860,' andrea','maceiras'),(861,' germán','machado'),(862,' marcelo e.','mazzanti'),(863,' marka','mikovà'),(864,' edith','nesbit'),(865,' alex','nogués'),(866,'james, chris','patterson, grabenstein'),(867,' matteo','pelliti'),(868,' mariana','pérez-duarte'),(869,' sabina','radeva'),(870,' jens','raschke'),(871,' arianna','squilloni'),(872,' isabel','thomas'),(873,' victòria','tubau'),(874,' allan','ahlberg'),(875,' josé carlos','andrés'),(876,' isabelle','arsenault'),(877,' gemma','camblor'),(878,' kelly','canby'),(879,' beatriz','carilla egido'),(880,' mia','cassany'),(881,' jesús m.','castaño'),(882,'colectivo ellas educan','colectivo ellas educan'),(883,' laetitia','colobani'),(884,' anna','fiske'),(885,' james','flora'),(886,' benjamin','flouw'),(887,' jean-luc','fromental'),(888,' victoria','furze'),(889,' fran (editor)','garcerá'),(890,' elisabetta','garilli'),(891,' robert','graves'),(892,' susana','isern'),(893,' jenny','jordahl'),(894,' claire','lebourg'),(895,' isabel minhós','martins'),(896,' hiroko','motai'),(897,' diego','ortiz'),(898,' yago','partal'),(899,' cristina','portolano'),(900,' beatrix','potter'),(901,' miguelanxo','prado'),(902,' romain','pujol'),(903,' lucas','riera'),(904,' soledad','romero mariño'),(905,' martín','romero'),(906,' richard','scarry'),(907,' oliver','scherz'),(908,' fumiko','takeshita'),(909,' emily','tetri'),(910,' eve','titus'),(911,' francesco','tullio-altan'),(912,' alexander','utkin'),(913,' elli','woollard'),(914,' jean-baptiste del','amo'),(915,'atinuke','atinuke'),(916,' margaret','atwood'),(917,' berta','bardí i milà'),(918,' waldemar','bonsels'),(919,' quim','bou'),(920,' dino','buzzati'),(921,' marie','desplechin'),(922,'michael, wieland','ende, reund'),(923,' esperanza','fabregat'),(924,' cerdá','gómez'),(925,' pietro','gottuso'),(926,' david','hernández sevillano'),(927,' dahlov zorach','ipcar'),(928,' ana','juan'),(929,' miya','kazuki'),(930,' ursula k.','le guin'),(931,' leonor','leal'),(932,' carson','mccullers'),(933,' david','nel-lo'),(934,'ana, isabel minhós','pêgo, martins'),(935,' daniel','piqueras fisk'),(936,' maría del carmen','quiles cabrera'),(937,' mercè','rodoreda'),(938,' marta','salcedo gonzález'),(939,' ana','sarrías oteiza'),(940,' mª carmen','soria'),(941,' sebastián hugo','vargas'),(942,' drew','weing'),(943,' maris','wicks'),(944,' suzanne','collins'),(945,' enrique','cordero seva'),(946,' vincent','cuvellier'),(947,' nathalie','dargent'),(948,' pau','estrada'),(949,' paul','fleischman'),(950,' marie-louise','gay'),(951,' heinrich','heine'),(952,' molly','idle'),(953,' miriam','koch'),(954,' irina','korschunow'),(955,' gemma','martí o\'toole'),(956,' alé','mercado'),(957,' pepe','monteserín'),(958,' guillermo','mordillo'),(959,' clara','piñero'),(960,' carlos','reviejo'),(961,'carlos, javier','reviejo, ruiz taboada'),(962,' antonio orlando','rodríguez'),(963,' francisco','sánchez'),(964,' juan','senís fernández'),(965,' nadia','shireen'),(966,' candy','tejera'),(967,' jill','tomlinson'),(968,' harriet','ziefert'),(969,' iban','barrentxea'),(970,' amalia','boselli'),(971,' david','cirici'),(972,' gabriele','d\'annunzio'),(973,' ramón','garcía mateos'),(974,' charles','gilman'),(975,' ralf','leuther'),(976,' jesús','marchamalo'),(977,' véronique','massenot'),(978,' carmen','mínguez'),(979,' john','newmann'),(980,' bettina','obrecht'),(981,' stephan','pastis'),(982,' aleksandr sergeevich (1799-1837)','pushkin'),(983,' alexis','ravelo'),(984,' antonio','rodríguez almodóvar'),(985,' david','williams');
/*!40000 ALTER TABLE `authors` ENABLE KEYS */;

--
-- Table structure for table `books`
--

DROP TABLE IF EXISTS `books`;
/*!40101 SET @saved_cs_client     = @@character_set_client */;
/*!50503 SET character_set_client = utf8mb4 */;
CREATE TABLE `books` (
  `book_id` int NOT NULL AUTO_INCREMENT,
  `list_id` int DEFAULT NULL,
  `ISBN` varchar(32) DEFAULT NULL,
  `Title` varchar(255) DEFAULT NULL,
  `author_id` int DEFAULT NULL,
  `illustrator_id` int DEFAULT NULL,
  `Theme_1` varchar(64) DEFAULT NULL,
  `Theme_2` varchar(64) DEFAULT NULL,
  `Theme_3` varchar(64) DEFAULT NULL,
  `Theme_4` varchar(64) DEFAULT NULL,
  PRIMARY KEY (`book_id`),
  KEY `fk_author_id` (`author_id`),
  KEY `fk_illustrator_id` (`illustrator_id`),
  CONSTRAINT `fk_author_id` FOREIGN KEY (`author_id`) REFERENCES `authors` (`author_id`),
  CONSTRAINT `fk_illustrator_id` FOREIGN KEY (`illustrator_id`) REFERENCES `illustrators` (`illustrator_id`)
) ENGINE=InnoDB AUTO_INCREMENT=1247 DEFAULT CHARSET=utf8 COLLATE=utf8_general_ci;
/*!40101 SET character_set_client = @saved_cs_client */;

--
-- Dumping data for table `books`
--

/*!40000 ALTER TABLE `books` DISABLE KEYS */;
REPLACE INTO `books` VALUES (1,1,'978-84-92595-04-4','inés azul',1,1,'amistad','muerte','esperanza',NULL),(2,1,'978-84-9871-593-4','la sopa quema',1,2,'alimentos','animales','fantasía',NULL),(3,1,'978-84-96957-70-1','melena',1,3,'fantasía','amor',NULL,NULL),(4,1,'978-84-263-7233-8','el príncipe de los enredos',2,4,'envidia','árboles','cuervos',NULL),(5,1,'978-84-678-1374-6','rumbo a marte',3,5,'cuentos','humor','ratones',NULL),(6,1,'978-84-9801-370-2','jorge el pequeño caballero',4,6,'caballeros y caballería','dragones','humor',NULL),(7,1,'978-84-96646-39-1','el despertador del sol',5,7,'vanidad','humor','animales de granja',NULL),(8,1,'978-84-96646-35-3','la verdad del elefante',5,7,'ciegos','científicos','humor',NULL),(9,1,'978-84-9871-081-6','el baúl de los ladrones',6,8,'miedos infantiles','curiosidad','humor',NULL),(10,1,'978-84-494-3850-9','sólo se es joven... ¡dos veces!',7,9,'vejez','humor','alegría',NULL),(11,1,'978-84-92696-01-7','¿qué viene después del mil?',8,10,'muerte','relación niño-adulto',NULL,NULL),(12,1,'978-84-7490-973-9','un león de color lila',9,11,'imaginación','robos','humor',NULL),(13,1,'978-84-7490-974-6','un perfecto caballero para dragones',9,11,'caballeros y caballería','dragones','humor',NULL),(14,1,'978-84-675-3114-5','¡a mano!',10,NULL,'manualidades','reciclaje','ecología',NULL),(15,1,'978-84-675-3401-6','richard wagner',11,13,'música clásica','wagner, richard - biografías',NULL,NULL),(16,1,'978-84-246-3108-6','franki mecánico',12,14,'oficios','aficiones','humor',NULL),(17,1,'978-84-7942-394-0','la doble vida de las cosas',13,15,'objetos cotidianos','vida cotidiana','relación abuelo-nietos',NULL),(18,1,'978-84-261-3703-6','el barco del abuelo',14,16,'muerte','relación abuelos-nietos','barcos','recuerdos'),(19,1,'978-84-675-8922-1','tú eres mi héroe',15,17,'relación padre-hijos','búsqueda de la propia identidad','emociones y sentimientos',NULL),(20,1,'978-84-96629-95-0','¿dónde están los animalitos?',16,NULL,'libros juego',NULL,NULL,NULL),(21,1,'978-84-494-3933-9','el bastón azul. la caja azul',17,18,'familia','herencias','fantasía',NULL),(22,1,'978-84-96976-08-5','quiquiricosas',18,5,'rimas','canciones','humor','tradición'),(23,1,'978-84-8418-349-5','flor de ceniza',19,19,'cuentos populares','cenicienta',NULL,NULL),(24,1,'978-84-9871-155-4','la guerra de los números',20,20,'números','aventuras',NULL,NULL),(25,1,'978-84-92595-07-5','martina en el país de los cuentos',21,21,'sueños','lectura','fantasía',NULL),(26,1,'978-84-261-3727-2','un oso bueno',22,22,'juguetes','generosidad',NULL,NULL),(27,1,'978-84-675-3008-7','una historia a dos',23,23,'divorcio','relación padre-hijos','familia',NULL),(28,1,'978-1-4063-0905-8','where\'s trumpty?',24,NULL,'juegos','infancia','elefantes',NULL),(29,1,'978-84-246-3215-1','juan sin miedo',25,24,'miedos infantiles',NULL,NULL,NULL),(30,1,'978-84-263-7116-4','mi primer amor y una bruja merodeando',26,25,'aventuras','escuelas','brujas',NULL),(31,1,'978-84-675-3643-0','gertrudis y los días',27,26,'relaciones familiares','abuelas','vida cotidiana',NULL),(32,1,'978-84-675-3524-2','terinta y tres son treinta y tres',28,27,'números','matemáticas','juegos',NULL),(33,1,'978-84-92696-13-0','marta dice: ¡no!',29,28,'niños - abusos sexuales','relaciones familiares','relación niño-adulto',NULL),(34,1,'978-84-666-4019-0','el capitán barbaspín en la isla del tesoro',30,29,'piratas','aventuras','humor',NULL),(35,1,'978-84-96473-95-9','mi pequeña fábrica de cuentos',31,NULL,'lectura','juegos de palabras','libros juego',NULL),(36,1,'978-84-936292-5-0','paraíso',31,30,'muerte','relación abuelo-nietos',NULL,NULL),(37,1,'978-84-675-3515-0','el ratón de laviana',32,31,'lectura','bibliotecas','ratones','maestros'),(38,1,'978-84-96646-38-4','te regalo un cuento',33,32,'creación literaria','lectura','deseos',NULL),(39,1,'978-84-8452-565-3','¿cómo puede curarse una ala rota?',34,33,'amor a los animales','generosidad','emociones y sentimientos',NULL),(40,1,'978-84-675-3171-8','las letras en el arte',35,34,'libros juego','pintura',NULL,NULL),(41,1,'978-84-494-3936-0','basurarte',36,35,'reciclaje','manualidades',NULL,NULL),(42,1,'978-84-9867-250-3','babymouse 4: estrella de rock',37,36,'cómics angloamericanos','animales humanizados','humor',NULL),(43,1,'978-84-7942-390-2','la princesa ojerosa',38,37,'emigrantes','pobreza','princesas','amor'),(44,1,'978-84-96646-33-9','el pañuelo de mi abuela',39,38,'relación abuelos-nietos','sueños','recuerdos','noche'),(45,1,'978-84-261-3745-6','el pincel mágico',40,39,'cuentos chinos','pintura','codicia','génerosidad'),(46,1,'978-84-675-3147-3','el lobo',41,40,'lobos - conducta',NULL,NULL,NULL),(47,1,'978-84-8357-902-2','el dulce hogar de chi',42,41,'manga','gatos','relación hombre-animal',NULL),(48,1,'978-84-96629-54-7','no te vayas...',43,42,'infancia','deseos',NULL,NULL),(49,1,'978-84-936778-0-0','la señora y el niño',44,43,'miedos infantiles','relación niño-adulto','imaginación',NULL),(50,1,'978-84-92458-21-9','super oso y su amigo',45,44,'cómics angloamericanos','relaciones familiares','muerte','héroes'),(51,1,'978-84-675-3143-5','mi enciclopedia de los niños del mundo',46,NULL,'pluralismo cultural','niños - usos y costumbres',NULL,NULL),(52,1,'978-84-937237-2-9','el libro con sentido',47,45,'humor','rimas',NULL,NULL),(53,1,'978-84-92696-05-5','los viajes de olga',48,46,'viajes','fantasía','rimas',NULL),(54,1,'978-84-9801-375-7','el rey y la semilla',49,47,'cuentos populares','reyes','ambición',NULL),(55,1,'978-84-675-3493-1','un invento sobre ruedas',50,48,'reciclaje','medio ambiente','relación abuelos-nietos',NULL),(56,1,'978-84-667-8447-4','óscar y el río amazonas',51,49,'miedos infantiles','lectura','relación padres-hijos',NULL),(57,1,'978-980-257-099-7','fábula de la avispa ahogada',52,50,'fábulas','avispas','enfados',NULL),(58,1,'978-84-7942-396-4','violeta no es violeta',53,51,'relación padres-hijos','celos','nacimiento de un hermano',NULL),(59,1,'978-84-675-3581-5','mini tiene que ir al hospital',54,52,'enfermedades','hospitales','relación abuelos-nietos',NULL),(60,1,'978-84-92608-01-0','el león kandinga',55,31,'cuentos africanos','leones','engaños','avaricia'),(61,1,'978-84-16470-10-5','¡estela, grita muy fuerte!',56,53,'niños - abusos sexuales','autoestima',NULL,NULL),(62,1,'978-84-9825-416-7','tchaikovski',57,54,'tchaikobsky, piotr ilich- biografías','música clásica',NULL,NULL),(63,1,'978-84-96957-60-2','el secreto del oso hormiguero',58,55,'sueños','animales humanizados','nanas',NULL),(64,1,'978-84-96501-63-8','tim y tom en el paraiso de los animales',59,NULL,'animales humanizados','amor a los animales','aventuras',NULL),(65,1,'978-84-96473-98-0','ceirra los ojos',60,56,'sentidos','emociones y sentimientos',NULL,NULL),(66,1,'978-84-96974-16-6','el elfo y la princesa',61,57,'elfos','princesas','libros',NULL),(67,1,'978-84-8470-316-7','una noche, un gato...',62,58,'animales humanizados','relación padres-hijos',NULL,NULL),(68,1,'978-84-667-8425-2','mi primer libro sobre machado',63,59,'machado, antonio - biografías','amor',NULL,NULL),(69,1,'978-84-261-3741-8','yoon y la pulsera de jade',64,60,'amistad','fábulas',NULL,NULL),(70,1,'978-84-9867-610-5','animales sin zoo',65,61,'animales humanizados','fabulas','humor',NULL),(71,1,'978-84-675-3442-9','el cazador desafortunado',65,62,'amor a los animales','amor a la naturaleza','fábulas','humor'),(72,1,'978-84-92412-31-0','ladrón de gallinas',66,63,'animales humanizados','secuestros',NULL,NULL),(73,1,'978-84-937211-2-1','el señor g.',67,64,'rebeldía',NULL,NULL,NULL),(74,1,'978-84-675-3102-2','la vida en la edad media',68,65,'edad media - usos y costumbres','libros troquelados',NULL,NULL),(75,1,'978-84-675-3101-5','la vida en roma',68,65,'roma - usos y costumbre','libros troquelados',NULL,NULL),(76,1,'978-84-494-3845-5','formas',69,66,'formas','colores','imaginación',NULL),(77,1,'978-84-675-3528-0','se vende mamá',70,67,'relación madre-hijos','celos','relaciones familiares','humor'),(78,1,'978-84-936778-7-9','del cuidado de las ardillas: una guía práctica',71,68,'ardillas','humor','animales - costumbres',NULL),(79,1,'978-84-936292-6-7','oso blanco, oso negro',72,46,'miedos infantiles','noche',NULL,NULL),(80,1,'978-84-96629-78-3','mi casa azul',73,69,'emociones y sentimientos','universo','niños',NULL),(81,1,'978-84-9867-495-8','galletas chinas',74,5,'vida cotidiana','inventos',NULL,NULL),(82,1,'978-84-96388-87-1','la nube de martín',75,70,'fantasía','amistad',NULL,NULL),(83,1,'978-84-488-2886-8','don carlitos calzas sucias y la grandiosa aventura',76,71,'aventuras','humor','bosques',NULL),(84,1,'978-84-936504-9-0','los tres lobitos y el cochino feroz',77,72,'humor','lobos','cerdos',NULL),(85,1,'978-84-8470-337-2','el oso y el gato salvaje',78,73,'muerte','depresión','amistad',NULL),(86,1,'978-84-96388-95-6','el pequeño tigre rugidor',79,74,'aprendizaje','tigres','aventuras',NULL),(87,13,'978-1-4075-6982-6','el primer libro de grandes exploradores',80,NULL,'exploradores','geografía',NULL,NULL),(88,13,'978-84-667-8435-1','marabajo',1,75,'animales humanizados','humor','aventuras','emociones y sentimientos'),(89,13,'978-84-9777-539-7','el taller de los duendes: una guía para ayudar a los niños a imaginar, ilustrar y realizar su propio libro',81,NULL,'libros,','creación artística','ilustración','encuadernación'),(90,13,'978-84-342-3460-4','agatha christie',82,76,'christie, agatha - biografías','escritores','novelas policiacas',NULL),(91,13,'978-84-667-8485-6','arboleda, diego',83,77,'científicos','ciencia ficción','aventuras',NULL),(92,13,'978-84-96609-54-9','augarde, steve',84,78,'leonardo da vinci - biografías','renacimiento',NULL,NULL),(93,13,'978-84-236-9403-7','el nuevo mundo',85,79,'emigrantes','solidaridad',NULL,NULL),(94,13,'978-84-675-3133-6','abc del continente africano',86,80,'áfrica','pluralismo cultural',NULL,NULL),(95,13,'978-84-342-3417-8','¡atacar y defender!: estrategias de supervivencia',87,NULL,'animales - conducta','supervivencia',NULL,NULL),(96,13,'978-968-16-8535-5','el aprendizaje amoroso',88,81,'amor','matrimonio','emociones y sentimientos',NULL),(97,13,'978-84-7774-473-3','renoir y yo',89,82,'renoir, pierre-aguste','pintores',NULL,NULL),(98,13,'978-84-236-9476-1','¿qué es la felicidad?',90,83,'felicidad','humor',NULL,NULL),(99,13,'978-84-236-9477-8','¿qué es la belleza y el arte?',90,84,'arte','belleza','filosofía',NULL),(100,13,'978-84-7833-845-0','brown, jeffrey',91,85,'mascotas','gatos',NULL,NULL),(101,13,'978-84-667-8495-5','el lazarillo de amberes',92,86,'relación padres-hijos','aventuras','libros',NULL),(102,13,'978-84-667-8431-3','amenaza en la antártida',93,87,'aventuras','ciencia ficcíón','ecología',NULL),(103,13,'978-84-9801-416-7','las aventuras de alicia en el país de las maravillas',94,88,'alicia','fantasía','mundos fantásticos',NULL),(104,13,'978-84-8470-307-5','mao y yo',95,89,'china - usos y costumbres','recuerdos','infancia',NULL),(105,13,'978-84-666-4130-2','el canto de la ondina',96,90,'fantasía','aventuras','familia','monstruos'),(106,13,'978-84-8016-791-8','caballeros y castillos',97,91,'caballeros y caballería','edad media - vida cotidiana','castillos',NULL),(107,13,'978-84-936880-6-6','space dog',98,92,'animales humanizados','popularidad','vuelos espaciales',NULL),(108,13,'978-84-96629-81-3','cuentos y leyendas de los masai: un pueblo de áfrica',99,93,'leyendas africanas',NULL,NULL,NULL),(109,13,'978-84-667-8430-6','luna de senegal',100,94,'emigrantes','áfrica','xenofobia','pluralismo cultural'),(110,13,'978-84-92429-74-5','coraline',101,95,'relaciones familiares','terror','rebeldía','misterio'),(111,13,'978-84-08-08560-7','creando equipo',102,96,'sexismo en el deporte','fútbol',NULL,NULL),(112,13,'978-84-667-7689-9','adivinancero antológico español',103,1,'adivinanzas',NULL,NULL,NULL),(113,13,'978-84-9825-374-0','la mona lisa',104,97,'arte','leonardo da vinci',NULL,NULL),(114,13,'978-84-236-9571-3','sopa de cola de lagartija',105,98,'marginación social','brujas',NULL,NULL),(115,13,'978-84-96609-41-9','charles darwin',106,78,'darwin, charles - biografías','expediciónes científicas','libros de viaje',NULL),(116,13,'978-84-7942-398-8','mari pepa y el club de los pirados',32,99,'adopción','busqueda de la propia identidad','emociones y sentimientos','relaciones familiares'),(117,13,'978-84-92595-01-3','este cuerpo es humano: anatomía escrita y dibujada',107,100,'anatomía humana','filosofía',NULL,NULL),(118,13,'978-84-96388-27-7','nacer: animales extraordinarios',108,101,'animales - curiosidades','nacimiento',NULL,NULL),(119,13,'978-84-279-0085-1','el último vampiro',109,102,'vampiros','humor','aventuras',NULL),(120,13,'978-84-675-3795-6','me ha hecho poeta la vida',110,103,'miguel hernández - biografías','poesías',NULL,NULL),(121,13,'978-84-263-7124-9','el silbo del dale: antología',110,104,'poesías','guerra','justicia',NULL),(122,13,'978-84-96629-93-6','la calle de garmann',111,105,'amistad','relación niño-adulto',NULL,NULL),(123,13,'978-84-675-2933-3','la odisea',112,106,'cómics europeos','la odisea - cómics',NULL,NULL),(124,13,'978-84-675-3357-6','peligro en el gran premio: misión italia',113,107,'carreras de automóviles','detectives','ambición',NULL),(125,13,'978-84-263-7226-0','secuestro',114,NULL,'detectives','misterio',NULL,NULL),(126,13,'978-1-4095-0175-6','¿comida basura? no, gracias',115,108,'comida basura','medio ambiente',NULL,NULL),(127,13,'978-84-9754-384-2','el libro de los cuántos',116,109,'ciencia - curiosidades','vida cotidiana','números',NULL),(128,13,'978-84-9754-399-6','el libro del cuerpo humano',116,110,'cuerpo humano - curiosidades',NULL,NULL,NULL),(129,13,'978-84-263-6861-4','elvis',117,111,'presley, elvis - cuentos','músicos',NULL,NULL),(130,13,'978-84-9754-397-2','la fabulosa historia de aquiles',118,112,'mitología clásica',NULL,NULL,NULL),(131,13,'978-84-675-3119-0','de la maceta a la cazuela',NULL,NULL,'cocina - recetas','plantas',NULL,NULL),(132,13,'978-968-16-7652-0','rutinero',120,113,'naturaleza','emociones y sentimientos','poesías',NULL),(133,13,'978-84-9841-232-1','el gato al que le gustaba la lluvia',121,114,'amor a los animales','gatos','hermanos',NULL),(134,13,'978-84-8452-584-4','alex y gandhi en mozambique',122,5,'aventuras','pluralismo cultural','áfrica',NULL),(135,13,'978-84-936778-2-4','los conejos',123,115,'conejos','animales humanizados','invasiones',NULL),(136,13,'978-84-96646-36-0','g.f. händel: un libro música',124,116,'hände, george frideric - biografías','música clásica',NULL,NULL),(137,13,'978-1-4095-0341-5','¿qué le pasa al planeta?',125,117,'medio ambiente','ecología',NULL,NULL),(138,13,'978-84-675-3438-2','números pares, impares e idiotas',126,118,'números','conducta humana','humor',NULL),(139,13,'978-84-96957-55-8','gabriela mistral: selección poética',127,119,'poesías',NULL,NULL,NULL),(140,13,'978-84-8452-553-0','cuentos de la india',128,120,'cuentos populares - india',NULL,NULL,NULL),(141,13,'978-84-937211-0-7','papá tatuado',129,121,'relación padre-hijos','aventura','humor',NULL),(142,13,'978-84-9771-374-0','arquímedes y sus máquinas de guerra',130,NULL,'arquímedes - biografías','ciencia - curiosidades',NULL,NULL),(143,13,'978-84-934949-4-0','el joven lovecraft',131,122,'literatura de terror - cómics','humor',NULL,NULL),(144,13,'978-84-204-7456-4','sopa de europa',132,59,'unión europea','europa','viajes',NULL),(145,13,'978-84-675-3626-3','tres veces la mujer de gris',133,123,'enfermedades','relación niño-adulto','soledad',NULL),(146,13,'978-84-9754-431-3','las filofábulas para aprender a convivir',134,124,'cuentos populares','filosofía','convivencia',NULL),(147,13,'978-84-494-3842-4','frankenstein se hace un sándwich',135,125,'frankenstein','monstruos','humor',NULL),(148,13,'978-84-666-4211-8','la guía secreta de harry potter: todo lo que siempre quisiste saber',136,NULL,'harry potter','secretos',NULL,NULL),(149,13,'978-968-9337-11-9','acertijero',137,126,'adivinanzas','juegos de palabras',NULL,NULL),(150,13,'978-84-96388-99-4','7 llaves de cuento',138,127,'cuentos populares','rimas','poesías','narración oral'),(151,13,'978-84-667-7769-8','el oro del gladiador',139,NULL,'novelas históricas','detectives','gladiadores',NULL),(152,13,'978-84-666-4073-2','fantomas pérez sociedad muy limitada',140,128,'pandillas','humor','aventuras',NULL),(153,13,'978-84-9754-387-3','los niños responden',141,129,'pluralismo cultural','infancia',NULL,NULL),(154,13,'978-84-675-3132-9','abc del mundo judío',142,130,'judíos - cultura',NULL,NULL,NULL),(155,13,'978-84-96629-73-8','una cocina toda de chocolate',73,131,'cocina - recetas','cuentos clásicos','chocolate',NULL),(156,13,'978-84-8431-427-1','el camisón',143,132,'cómics europeos','fantasía','humor','aventuras'),(157,13,'978-84-9841-306-9','la isla del poeta',144,NULL,'poesía','viajes iniciáticos','colombia',NULL),(158,13,'978-84-9754-389-7','el gran libro de las transformaciones: cómo se hacen los objetos cotidianos',145,133,'objetos cotidianos','curiosidades y maravillas',NULL,NULL),(159,13,'978-84-96815-50-6','la cueva del anciano',146,134,'cómics angloamericanos','aventuras','humor',NULL),(160,13,'978-84-08-08448-8','el descubrimiento de américa',147,NULL,'animales humanizados','descubrimientos y exploraciones',NULL,NULL),(161,13,'978-84-8048-798-6','mi amigo albéniz',148,135,'amistad','albéniz, isaac','adolescentes',NULL),(162,13,'978-84-92444-34-2','la montaña mágica',149,136,'manga','japón','aventuras','fantasía'),(163,13,'978-84-246-3069-0','feroz, el cavernícola, no tiene miedo',150,137,'aventuras','prehistoria',NULL,NULL),(164,13,'978-84-96974-19-7','las tres preguntas',151,138,'filosofía','conducta humana','justicia',NULL),(165,13,'978-84-96957-59-6','cómo hacer un cómic',152,139,'cómics - teoría y técnica','creación artística',NULL,NULL),(166,13,'978-84-92412-28-0','una luz diminuta surgió de la nada',153,140,'amor a la naturaleza','misterio',NULL,NULL),(167,13,'978-84-96957-65-7','miguel de unamuno: selección poética',154,141,'juegos de palabras','rimas',NULL,NULL),(168,13,'978-84-666-4103-6','las hermanas gilda',155,142,'cómics de humor','ironía','crítica social',NULL),(169,13,'978-84-670-2841-6','¿de dónde vienen mis amigos?',156,143,'pluralismo cultural','educación multicultural',NULL,NULL),(170,13,'978-84-96957-32-9','los cinco narradores de bagdad',157,144,'cómics europeos','tradición','narradores de cuentos',NULL),(171,13,'978-84-936778-1-7','la amante del miedo',158,145,'cuentos clásicos','barba azul','curiosidad',NULL),(172,13,'978-84-9841-309-0','el libro salvaje',159,NULL,'libros','bibliotecas',NULL,NULL),(173,13,'978-84-9841-287-1','dailan kifki',160,146,'humor','elefantes',NULL,NULL),(174,13,'978-84-96957-54-1','el nacimiento del dragón',161,147,'leyendas chinas','dragones',NULL,NULL),(175,13,'978-84-675-2996-8','cambio climático',162,NULL,'cambio climático','medio ambiente',NULL,NULL),(176,13,'978-84-488-2874-5','la cara oculta de (la llegada del hombre a) la luna',163,4,'vuelos espaciales a la luna','humor',NULL,NULL),(177,13,'978-84-8418-385-3','los mejores códigos secretos de la historia',164,148,'códigos y claves','criptografía',NULL,NULL),(178,13,'978-84-96974-25-8','el lparaíso de los gatos',165,149,'libertad','gatos',NULL,NULL),(179,13,'978-84-263-7176-8','el maravilloso viaje de xía tenzin',166,150,'viajes iniciáticos','gigantes','amor',NULL),(180,2,'978-84-9871-247-6','taller de corazones',167,151,'amor','romanticismo',NULL,NULL),(181,2,'978-84-92608-28-7','diógenes',1,152,'relaciones familiares','vida cotidiana','aficiones',NULL),(182,2,'978-84-263-7267-3','para hacer un pastel de manzana',1,153,'relación abuelos-nietos','imaginación','creativida',NULL),(183,2,'978-84-246-3288-5','bichos',168,154,'insectos','zoología','arañas','animales - curiosidades'),(184,2,'978-84-9801-467-9','jorge y el pequeño caballero en busca de la tarta real',4,6,'caballeros y caballería','aventuras','valentía','bondad'),(185,2,'978-84-261-3803-3','adivina en qué país...',169,155,'curiosidades y maravillas','pluralismo cultural','animales','países'),(186,2,'978-607-16-0094-3','el nombre de la ballena',170,156,'lenguaje','comunicación social','pacifismo','pluralismo cultural'),(187,2,'978-84-8131-880-7','la aventura del pollo kiko',171,157,'animales humanizados','ingenio',NULL,NULL),(188,2,'978-84-92750-05-4','estaciones',172,158,'estaciones del año','vocabularios',NULL,NULL),(189,2,'978-84-494-2399-4','encender una luz',173,159,'sueños','deseos',NULL,NULL),(190,2,'978-84-9920-041-5','gigantes de varios tamaños',9,11,'maldiciones','estereotipos','humor',NULL),(191,2,'978-84-494-4155-4','lucas',174,160,'niños diferentes','escuela','creatividad',NULL),(192,2,'978-84-92412-59-4','malena ballena',175,161,'autoestima','deporte','obesidad',NULL),(193,2,'978-84-261-3781-4','el cazo de lorenzo',176,162,'personas con discapacidad','niños diferentes',NULL,NULL),(194,2,'978-84-9871-077-9','la caja de los recuerdos',177,163,'recuerdos','fantasía','infancia',NULL),(195,2,'978-84-9947-003-0','alicia en el país de las maravillas',178,164,'comics europeos','sueños','mundos fantásticos','cuentos clásicos'),(196,2,'978-84-92595-52-5','el lpollo desplumado',179,165,'humor','aceptación',NULL,NULL),(197,2,'978-84-937557-5-1','fuera, gato malvado',180,166,'fábulas','matmáticas','pensamiento',NULL),(198,2,'978-84-342-3676-9','¡ñam-ñam! mis cuentos infantiles favoritos',181,167,'cuentos clásicos',NULL,NULL,NULL),(199,2,'978-84-675-3794-9','los mamuts, los ogros, los extraterrestres y mi hermana pequeña',182,168,'humor','animales prehistóricos',NULL,NULL),(200,2,'978-84-675-3568-6','el cuerpo humano',183,169,'cuerpo humano',NULL,NULL,NULL),(201,2,'978-84-96957-84-8','luis va a la playa',184,170,'niños','relaciones familiares','playa','comics'),(202,2,'978-84-937211-5-2','papá oso',185,150,'conflictos familiares','relación padres-hijos',NULL,NULL),(203,2,'978-84-667-9253-0','mi primer libro sobre miguel hernández',186,171,'hernández, miguel - biografías','poetas',NULL,NULL),(204,2,'978-84-937902-0-2','el encuentro',187,172,'relaciones humanas','comics','mascotas',NULL),(205,2,'978-84-263-7696-1','tristán e iseo',188,173,'caballeros y caballería','aventuras','amor','tragedias'),(206,2,'978-84-8452-643-8','el jardín feliz',189,174,'esperanza','guerra','niños','amor a la naturaleza'),(207,2,'978-84-9871-285-8','a la sombra de los anacardos',190,175,'áfrica','infancia','sida','alegría'),(208,2,'978-84-92595-51-8','manual de recreo: para uso de niños imaginativos y curiosos',31,30,'actividades de estimulación','creatividad','escritura',NULL),(209,2,'978-84-92412-52-5','nada es lo que parece: cuento del norte de áfrica',191,176,'deseos','narración oral','cuentos','áfrica'),(210,2,'978-84-92412-46-4','la princesa y el topo: cuento del cáucaso',191,27,'cuentos rusos','princesas',NULL,NULL),(211,2,'978-84-261-3779-1','bebés animales en peligro',192,177,'animales en vías de extinción','ecología','medio ambiente',NULL),(212,2,'978-84-494-4084-7','niño, el rey de todo el mundo',36,35,'juegos','infancia',NULL,NULL),(213,2,'978-84-261-3785-2','le señora de los libros',193,178,'lectura','bibliotecas','analfabetismo','hermanos'),(214,2,'978-84-8452-628-5','el gran libro de las familias',194,179,'relaciones familiares','sociología','pluralismo cultural',NULL),(215,2,'978-84-937211-8-3','la noche de la visita',195,180,'humor','intertextualidad','caperucita roja',NULL),(216,2,'978-607-16-0106-3','el corazón y la botella',196,181,'muerte','curiosidad','sufrimiento',NULL),(217,2,'978-84-937276-4-2','las traviesas aventuras de robin hood',197,182,'robin hood','héroes','aventuras','animales humanizados'),(218,2,'978-84-263-7720-3','cuentos silenciosos',198,183,'cuentos clásicos','libros troquelados',NULL,NULL),(219,2,'978-84-263-7247-5','genealogía de una bruja',199,183,'brujas','magia','amistad','relación abuela-nietos'),(220,2,'978-84-937436-6-6','berta buenafé está triste...',200,184,'amor','soledad','madurez',NULL),(221,2,'978-84-937436-4-2','las sirenas de belpescão',200,184,'libertad','mujeres','mar',NULL),(222,2,'978-84-263-7471-4','nat y el secreto de eleonora',201,111,'lectura','misterio','herencias','hermanos'),(223,2,'978-84-937506-5-7','sombras',202,185,'sombras','juegos infantiles','fantasía',NULL),(224,2,'978-84-494-4036-6','una caperucita roja',203,186,'caperucita roja','humor','cuentos clásicos',NULL),(225,2,'978-84-937720-0-0','la pequeña tejedora de historias',204,187,'palabras','emociones y sentimientos','relaciones sociales','amor'),(226,2,'978-84-92412-38-9','finn herman',205,188,'cocodrilos','humor',NULL,NULL),(227,2,'978-84-279-0100-1','tía yeska',206,189,'relación niño-adultos','relaciones familiares','relaciones sociales','fantasía'),(228,2,'978-84-92608-26-3','ciudad laberinto',207,190,'ciudad','surrealismo','humor','poesía infantil'),(229,2,'978-84-937902-3-3','yo las quería',208,191,'muerte','relación madre-hijas','infancia',NULL),(230,2,'978-84-667-9300-1','hagamos caso al tigre',209,192,'animales humanizados','fantasía','humor','poesía infantil'),(231,2,'978-84-675-3541-9','¿cómo lo ves?',210,NULL,'pintura','libros juego','arte',NULL),(232,2,'978-84-8452-685-8','el mundo en un segundo',211,193,'pluralismo cultural','tiempo',NULL,NULL),(233,2,'978-84-414-2148-6','pequeñas historias zen',212,194,'osos','extremo oriente','filosofía','budismo'),(234,2,'978-84-96629-92-9','al final',213,195,'sueños','fantasía','surrealismo',NULL),(235,2,'978-84-937031-3-4','miga: bajo las nubes',214,196,'aventuras','familia','niños','comics'),(236,2,'978-84-92412-36-5','oda a una estrella',215,37,'estrellas','fantasía','noche',NULL),(237,2,'978-84-7942-568-5','nikko y el cofre del tesoro',54,197,'aventuras','piratas','relación padres-hijos','mar'),(238,2,'978-84-92696-23-9','para nada sucias',216,198,'higiene','humor',NULL,NULL),(239,2,'978-84-8470-372-3','el tigre y el gato',217,199,'fábulas','animales','cuentos populares','china'),(240,2,'978-84-261-3771-5','la niña de los gorriones',218,200,'poder','amor a los animales','valentía',NULL),(241,2,'978-84-92608-27-0','kembo: incidente en la pista del circo medrano',219,201,'leones','violencia','vida natural','circo'),(242,2,'978-84-92882-02-1','cuentos cortos de animales',220,NULL,'animales humanizados','relaciones humanas','emociones y sentimientos',NULL),(243,2,'978-84-675-3802-1','¡ñam!',221,123,'terror','monstruos',NULL,NULL),(244,2,'978-84-9871-231-5','¿has visto al león?',222,202,'animales humanizados','amor','deseos','leones'),(245,2,'978-84-8464-736-2','milu',223,203,'conflictos familiares','abandono','emociones y sentimientos',NULL),(246,2,'978-84-667-9413-8','la bicicleta de selva',224,204,'infancia','abuelos','amistad',NULL),(247,2,'978-84-92902-05-7','un hombre con sombrero',67,64,'humor','ironía','sorpresas',NULL),(248,2,'978-84-494-3935-3','el conejo más rápido del mundo',225,205,'fábulas','humor','intertextualidad','carreras'),(249,2,'978-84-937902-1-9','arqueología',226,206,'esperanza','sueños','humor','deseos'),(250,2,'978-84-937212-7-5','¡vamos a ver a papá!',227,207,'emigración','relaciones familiares','infancia','emociones y sentimientos'),(251,2,'978-84-96646-54-4','yo contigo y tú conmigo',228,208,'juguetes','amistad','filosofía',NULL),(252,2,'978-84-936178-8-2','los doce abrigos de mamá',229,131,'relación madre-hijos','familia','madres',NULL),(253,2,'978-84-675-4110-6','cómo enseñar a tus padres a disfrutar de los libros para niños',73,209,'lectura','relación padres-hijos','literatura infantil','humor'),(254,2,'978-84-9801-481-5','tengo derecho a ser niño',73,173,'niños - derechos','infancia','sociedad',NULL),(255,2,'978-84-96509-77-1','terrible',73,209,'terror','violencia','maltrato','animales humanizados'),(256,2,'978-84-246-3347-9','el pequeño dragón coco y sus aventuras',230,210,'dragones','amistad','aventuras',NULL),(257,2,'978-84-675-4309-4','las nanas de miguel',75,211,'hernández, miguel - biografías','amor a los animales',NULL,NULL),(258,2,'978-84-7942-593-7','la fiesta de cumpleaños',231,212,'animales humanizados','emociones y sentimientos','relaciones humanas',NULL),(259,2,'978-84-937295-3-0','algo con lo que nadie había contado',232,213,'solidaridad','abandono',NULL,NULL),(260,2,'978-84-92412-69-3','el pastor, las ovejas, el lobo y el mar',233,140,'miedo','ovejas','deseos',NULL),(261,2,'978-84-92857-11-1','princesas, dragones y otras ensaladas',234,184,'princesas','humor','rebeldía',NULL),(262,2,'978-84-246-3275-5','don queharé',235,214,'absurdo','cartas','viajes','humor'),(263,2,'978-84-7960-432-8','celia viñas para niños y niñas...y otros seres curiosos',236,215,'poesía infantil','humor',NULL,NULL),(264,2,'978-84-96646-47-6','días de hijo',237,216,'relación padres-hijos','padres','humor','nacimiento'),(265,2,'978-84-937079-1-0','descubriendo a vermeer',238,NULL,'pintura - s.xvii','vermeer',NULL,NULL),(266,2,'978-84-9270-245-9','la ardilla miedosa',239,217,'ardillas','miedo','humor',NULL),(267,2,'978-84-261-3805-7','¿por qué el planeta tierra es tan especial?',240,218,'ecología','planetas','sistema solar','universo'),(268,2,'978-84-96974-66-1','el niño estrella',241,219,'vanidad','humildad','perdón','viajes iniciáticos'),(269,2,'978-84-494-3960-5','malvado conejito',242,160,'conejos','humor','maldad','falsas apariencias'),(270,2,'978-84-261-3808-8','la escuela secreta de nasreen: una historia real de afganistán',243,220,'guerra','discriminación','talibán',NULL),(271,2,'978-84-494-3959-9','las lavanderas locas',244,9,'rebeldía','humor','explotación','mujeres'),(272,2,'978-84-494-3970-4','toda la verdad',245,221,'mentiras','relación niño-adultos','filosofía',NULL),(273,14,'978-84-92608-24-9','las que llevan',246,222,'mujeres','emociones y sentimientos','lirismo',NULL),(274,14,'978-84-9838-296-9','aiken, joan',247,NULL,'viajes','aventuras','lobos',NULL),(275,14,'978-84-9841-416-5','cuentos españoles de antaño',248,223,'cuentos populares','fantasía',NULL,NULL),(276,14,'978-84-673-5412-6','historias del año de la estrella',3,32,'narración oral','imaginación','reyes magos','oriente medio'),(277,14,'978-84-246-3282-3','el cuerpo',168,154,'cuerpo humano','ciencia','curiosidades y maravillas',NULL),(278,14,'978-84-246-3284-7','egipcios',168,154,'egipto','historia','humor','curiosidades y maravillas'),(279,14,'978-84-667-9256-1','marejelwar: la ciudad de las caravanas',249,NULL,'relación padres-hijos','viajes','desiertos','madurez'),(280,14,'978-84-2720-008-1','hotel de cinco espectros',250,224,'fantasmas','aventuras','humor','objetos mágicos'),(281,14,'978-84-667-9310-0','frida kahlo (una historia posible)',251,151,'kahlo, frida','relaciones personales',NULL,NULL),(282,14,'978-84-92608-20-1','nicolás cocina sin fuego',252,225,'recetas de cocina','autismo','personas con discapacidad',NULL),(283,14,'978-84-92929-14-6','perryn y la profecia del mago',253,NULL,'aventuras','dragones','héroes',NULL),(284,14,'978-84-667-9301-8','nata y chocolate',254,204,'acoso en la escuela','marginación','amistad',NULL),(285,14,'978-84-92608-22-5','el rey oso blanco y otros cuentos maravillosos',255,226,'cuentos','narración oral',NULL,NULL),(286,14,'978-84-9841-371-7','los conejos sabios',256,212,'animales humanizados','fábulas','humor','conejos'),(287,14,'978-84-263-7675-6','jeroglificos: resuelve el misterio del gato de oro',257,227,'egipto - usos y costumbres','jeroglíficos','juegos de pistas',NULL),(288,14,'978-607-16-0095-0','los espejos de anaclara',258,228,'naturaleza','misterio','poesía infantil',NULL),(289,14,'978-84-937794-1-2','el secreto de la luna',259,229,'lenguaje de signos','luna',NULL,NULL),(290,14,'978-84-9825-499-0','el libro de las fábulas',260,5,'fábulas','enseñanzas morales','animales humanizados',NULL),(291,14,'978-84-216-8439-9','skeleton creek: el diario de ryan',261,230,'terror','aventuras','amistad','diarios'),(292,14,'978-84-675-4105-2','pesadilla en el tren chocolate',262,231,'aventuras','robos','novelas de intriga','viajes'),(293,14,'978-84-96974-51-7','historia de una anguila',263,219,'relación hombre-animal','humor','deseos','pesca'),(294,14,'978-84-263-7686-2','una sed de ilusiones infinita: antología',264,153,'poesía',NULL,NULL,NULL),(295,14,'978-84-263-7376-2','el arte de secuestrar',265,232,'marginación social','humor','aventuras',NULL),(296,14,'978-84-96646-48-3','la llave',266,233,'mujeres','violencia','dexplazados','guerra'),(297,14,'978-84-667-9294-3','adivina adivíname',267,59,'adivinanzas','rimas',NULL,NULL),(298,14,'978-84-666-4349-8','kenny y el dragón',268,NULL,'animales humanizados','dragones','estereotipos',NULL),(299,14,'978-84-675-4049-9','cómo funciona el mundo: una guía de la tierra muy animada',269,234,'tierra, planeta - curiosidades','geología','libros troquelados',NULL),(300,14,'978-84-204-7452-6','escuela de dragones: desafiando la tormenta',270,235,'amistad','dragones','fantasía',NULL),(301,14,'978-84-9754-404-7','el libro de las tierras imaginadas',271,236,'geografía','tierra, planeta - curiosidades','científicos',NULL),(302,14,'978-84-9801-429-7','joven para siempre',272,237,'canciones','bob dylan','crecimiento personal',NULL),(303,14,'978-607-16-0175-9','maniática de la explicación',273,238,'filosofía - preguntas y respuestas',NULL,NULL,NULL),(304,14,'978-84-261-3783-8','pippo el loco',274,239,'brunelleschi, filippo','florencia','arquitectura',NULL),(305,14,'978-84-675-4021-5','muros',100,240,'amistad','clases sociales','discriminación','emociones y sentimientos'),(306,14,'978-84-92608-19-5','un mundo raro',275,241,'niños','amistad','imaginación','infancia'),(307,14,'978-84-675-3636-2','las galletas del salón de té continental',27,242,'relación abuelos-nietos','recuerdos','guerrá civil española',NULL),(308,14,'978-84-937422-9-4','miau',276,243,'mascotas','gatos',NULL,NULL),(309,14,'978-84-667-7691-2','acertijero: antológico español',103,1,'humor','adivinanzas','narración oral',NULL),(310,14,'978-84-9825-487-7','las meninas',104,97,'arte','pintura','libros troquelados','meninas'),(311,14,'978-84-675-3974-5','el día que mamá perdió la paciencia',277,244,'mundos fantásticos','curiosidad','relaciones familiares','madres'),(312,14,'978-84-92691-75-3','seis historias de animales',278,NULL,'animales salvajes','ecología','amor a los animales',NULL),(313,14,'978-84-92412-58-7','la bicicleta epipléjica',279,245,'poesía','humor','absurdo','hermanos'),(314,14,'978-84-675-4175-5','enciclopedia del espacio',280,246,'tierra, planeta - curiosidades','universo',NULL,NULL),(315,14,'978-84-96629-96-7','la callas: una invitación a la ópera',281,131,'ópera','callas, maría - biografías','música',NULL),(316,14,'978-84-96957-78-7','constructores',108,101,'animales','ciencia','zoología',NULL),(317,14,'978-84-9838-306-5','¡bum!',282,NULL,'misterio','aventuras','extraterrestres','humor'),(318,14,'978-84-96957-82-4','historias de maese zorro',283,209,'zorros','astucia','animales humanizados','crítica social'),(319,14,'978-84-261-3787-6','el gran libro de cuentos para niños',284,247,'cuentos',NULL,NULL,NULL),(320,14,'978-84-9841-402-8','la niña invisible y otros cuentos',285,248,'amor a la naturaleza','mumins - personajes de ficción','fantasía',NULL),(321,14,'978-84-675-3963-9','la prehistoria',286,177,'prehistoria','libros troquelados','historia del hombre',NULL),(322,14,'978-84-675-4348-3','los alucinantes inventos de vincent shadow',287,249,'inventos','niños diferentes','concursos','fantasía'),(323,14,'978-84-272-0007-4','diario de greg 3: ¡esto es el colmo!',288,250,'adolescentes','vida cotidiana','humor','relaciones humanas'),(324,14,'978-84-667-9343-8','paulina y el príncipe del viento',289,251,'humor','imaginación','fantasía',NULL),(325,14,'978-84-937276-2-8','ven a conocer el universo',197,182,'universo','humor','sistema solar',NULL),(326,14,'978-84-667-9305-6','lejos',290,252,'emigración','relación abuelos-nietos',NULL,NULL),(327,14,'978-84-261-3769-2','¿qué hay dentro?: cunstrucciones fascinantes alrededor del mundo',291,253,'arquitectura','historia','casas',NULL),(328,14,'978-84-263-7676-3','diario secreto de pulgarcito',292,111,'pularcito','hambre','niños','cuentos populares'),(329,14,'978-84-92608-23-2','la casa',293,254,'europa - historia','casas','vida rural',NULL),(330,14,'978-84-937506-1-9','esconderse en un rincón del mundo',294,255,'soledad','imaginación','infancia','fantasía'),(331,14,'978-84-937506-2-6','la noche estrellada',294,255,'soledad','infancia','niños diferentes','amistad'),(332,14,'978-84-675-4112-0','diente de plata',295,256,'hombres lobo','aventuras','raptos',NULL),(333,14,'978-84-261-3763-0','picasso y minou',296,239,'picasso, pablo - biografías','arte','gatos',NULL),(334,14,'978-84-667-9303-02','la alfombra mágica',297,257,'imaginación','deseos','poesía infantil',NULL),(335,14,'978-84-272-0035-7','manual de la bruja para cocinar (con) niños',298,200,'brujas','hermanos','intertextualidad',NULL),(336,14,'978-84-9754-462-7','la alimentación a tu alcance',299,258,'alimentos','salud','nutrición',NULL),(337,14,'978-84-675-2488-8','cartas de amor de 0 a 10',300,NULL,'relaciones familiares','amistad','niños diferentes',NULL),(338,14,'978-84-667-9299-8','cama y cuento',301,259,'cuentos','relación padres-hijos','recuerdos',NULL),(339,14,'978-84-675-3648-5','el hombre que entraba por la ventana',301,151,'recuerdos','infancia','fantasía','emociones y sentimientos'),(340,14,'978-84-236-7826-6','mi hermano el genio',302,260,'conflictos familiares','aficiones','niños superdotados','hermanos'),(341,14,'978-84-673-5410-2','la expedición de los libros',51,261,'libros','aventuras','amistad',NULL),(342,14,'978-84-441-4609-6','el soñador',303,262,'neruda, pablo - biografías','poesía','chile',NULL),(343,14,'978-84-236-9613-0','la vida y poesía de miguel hernández',304,263,'hernández, miguel - biografías','poetas',NULL,NULL),(344,14,'978-84-667-9255-4','el hombre con el pelo revuelto',305,5,'imaginación','relación niño-adultos','humor','absurdo'),(345,14,'978-84-204-0537-7','¡buenísimo, natacha!',306,264,'amistad','amor','humor',NULL),(346,14,'978-84-7942-634-7','¡abracadabra, que tu cuerpo se abra!',307,265,'cuerpo humano','anatomía','libros troquelados',NULL),(347,14,'978-84-204-0584-1','los dragones de hierro',308,NULL,'edad media','ciencie ficción','fantasía','amor'),(348,14,'978-84-9845-196-2','portell rifà, joan',309,266,'lectura','aficiones','amor',NULL),(349,14,'978-84-279-0104-9','la pequeña bruja',310,267,'brujas','búsqueda de la propia identidad','aprendizaje','estereotipos'),(350,14,'978-84-279-0101-8','lo que todas chicas saben menos yo',311,NULL,'huérfanos','relación padres-hijos','crecimiento personal',NULL),(351,14,'978-84-667-9302-5','el gato (o cómo perdí la eternidad)',312,268,'infancia','surrealismo','filosofía',NULL),(352,14,'978-84-675-4102-1','oye, mira los caballeros',313,269,'edad media','caballeros y caballería',NULL,NULL),(353,14,'978-84-9841-382-3','la isla celeste',314,270,'ecología','naturaleza',NULL,NULL),(354,14,'978-84-9871-219-3','cuando no encuentras tu casa',315,271,'sueños','miedos','mundos fantásticos',NULL),(355,14,'978-84-204-0520-9','sánchez vigil, juan miguel',316,272,'emigración','integración cultural','áfrica',NULL),(356,14,'978-84-9918-135-6','monstruos y mareas: crónicas de edgar el cuervo',317,273,'terror','castillos','humor','cuervos'),(357,14,'978-84-263-7614-5','yo seré tres mil millones de niños',73,274,'infancia','niños - derechos','pobreza',NULL),(358,14,'978-84-675-2486-4','historia de un segundo',144,275,'amor','adolescentes','mensajes secretos',NULL),(359,14,'978-84-937396-7-6','dentro del laberinto',318,NULL,'raptos','hermanos','viajes iniciáticos',NULL),(360,14,'978-84-08-09141-7','los defensores de muskrat city',147,276,'aventuras','fantasía','animales humanizados','robos'),(361,14,'978-84-675-4115-1','nombres robados',319,277,'acoso en la escuela','sufrimiento',NULL,NULL),(362,14,'978-84-666-4454-9','una buena adquisición',NULL,NULL,'niños','relaciones familiares','tbo',NULL),(363,14,'b31973-2010','batu',320,278,'humor','mascotas','relaciones familiares','juegos'),(364,14,'978-84-96646-55-1','pikolo',166,279,'violencia','acoso en la escuela','discriminación','país vasco'),(365,3,'978-84-9845-318-8','lejos',1,203,'muerte','infancia','viajes imaginarios','preguntas'),(366,3,'978-84-666-4704-5','la mascota de merlín',321,280,'animales','relación hombre-animal','humor','amistad'),(367,3,'978-84-673-5390-7','el traje nuevo del emperador',322,281,'vanidad','miedos','mentiras','cuentos clásicos'),(368,3,'978-84-938978-8-8','yo mataré monstruos por ti',323,282,'miedos infantiles','monstruos','sueños',NULL),(369,3,'978-84-937767-7-0','doña eremita sobre ruedas',7,9,'humor','aventuras','mujeres','imaginación'),(370,3,'978-84-9845-210-5','¡este perro es todo un jardinero!',324,283,'perros','jardines',NULL,NULL),(371,3,'978-607-16-0107-0','los tres osos',325,284,'clásicos modernizados','osos','niños perdidos','pobreza'),(372,3,'978-84-9871-308-4','la siesta de los enormes',326,285,'mar','cuentos',NULL,NULL),(373,3,'978-84-615-4046-4','los caminos de los árboles',326,153,'felicidad',NULL,NULL,NULL),(374,3,'978-84-96646-67-4','duerme bien pequeño oso',327,286,'animales humanizados','osos','sueños',NULL),(375,3,'978-84-673-5236-8','un poema en la barriga',328,211,'tristeza','recuerdos','poesía',NULL),(376,3,'978-84-92750-44-3','adiós manoplas',329,287,'amor a los animales','moscotas','abandono','amistad'),(377,3,'978-84-261-3840-8','otto el oso de libro',330,288,'libros','lectura','osos',NULL),(378,3,'978-84-15250-21-0','un cuadro de picasso',331,NULL,'picasso, pablo 1881-1973 - guernica','pintura','guerra civil española',NULL),(379,3,'978-84-263-8165-1','la reina de los hielos',332,289,'cuentos clásicos',NULL,NULL,NULL),(380,3,'978-84-675-4744-3','cómo funciona el clima: una guía sorprendente que nos desvela todos los secretos de nuestra atmósfera',269,234,'climatología','meteorología','libros troquelados',NULL),(381,3,'978-84-92412-89-1','millones de gatos',333,290,'gatos','humildad',NULL,NULL),(382,3,'978-84-216-9873-0','macaco y antón',32,291,'amistad','trenes',NULL,NULL),(383,3,'978-84-92412-90-7','¿qué hacen los niños?',334,247,'niños','juegos infantiles','imaginación','alfabetos'),(384,3,'978-84-261-3853-8','visitemos a los egipcios',335,292,'egipto - historia','egipto - civilización',NULL,NULL),(385,3,'978-84-92696-52-9','el pirata escalofríos',336,293,'amistad','piratas','juegos',NULL),(386,3,'978-84-938352-8-6','historia de valek, el caballo',337,294,'amistad','soledad','muerte',NULL),(387,3,'978-84-938352-9-3','valek y jarosch',337,294,'amistad','tristeza','música','abandono'),(388,3,'978-84-938457-3-5','cocinando con arte: 30 recetas para divertirse cocinando y enseñar arte a los niños',338,NULL,'recetas de cocina','arte','creatividad',NULL),(389,3,'978-84-15250-18-0','el señor top',339,295,'humor','nueva york','aventuras',NULL),(390,3,'978-84-8464-768-3','el camino de olaj',340,296,'amistad','animales','viajes',NULL),(391,3,'978-84-9780-688-6','el sueño del viejo marinero',341,297,'sueños','mar',NULL,NULL),(392,3,'978-84-9871-312-1','la madre del héroe',342,298,'leyendas','relación madre-hijos','humor','ruptura de estereotipos'),(393,3,'978-84-675-5126-6','el ogro sin memoria',343,299,'bondad','empatía',NULL,NULL),(394,3,'978-84-204-0732-6','el camino del cole',344,300,'imaginación',NULL,NULL,NULL),(395,3,'978-84-92696-54-3','¡al furgón!',345,168,'emigración','tolerancia','letras en mayúscula','letras caligráficas'),(396,3,'978-84-96646-69-8','a veces me gustaría ser max',346,301,'relación niño-animal','responsabilidad','obligaciones',NULL),(397,3,'978-84-236-9915-5','dewey: ¡un gato en la biblioteca!',347,302,'bibliotecas','relación hombre-animal','animales humanizados','gatos'),(398,3,'978-84-92882-10-6','ándate con ojo',348,153,'observación','juegos visuales',NULL,NULL),(399,3,'978-84-9825-687-1','letra a letra',348,303,'alfabetos','juegos educativos','libros troquelados',NULL),(400,3,'978-84-937825-7-3','el pastel de crepes',349,304,'relación hombre-animal','vida rural','cocina','cumpleaños'),(401,3,'978-84-92750-54-2','yo, el lobo y las vacaciones con el abu',350,305,'lobos','mascotas','relación abuelos-nietos','vacaciones'),(402,3,'978-84-96646-58-2','el pequeño cuervo y la luna',351,306,'fantasía','animales humanizados','marginación infantil',NULL),(403,3,'978-84-92608-46-1','minimalario',352,307,'animales','humor','absurdo',NULL),(404,3,'978-84-675-4908-9','sonidos de insectos',353,308,'insectos','naturaleza',NULL,NULL),(405,3,'978-84-15250-01-2','para hacer el retrato de un pájaro',354,309,'arte','pájaros','poesía',NULL),(406,3,'978-84-675-3591-4','aladino',355,310,'libros troquelados','cuentos clásicos',NULL,NULL),(407,3,'978-84-937212-6-8','un abuelo, sí',356,311,'relación abuelos-nietos','mascotas','imaginación','infancia'),(408,3,'978-84-92412-92-1','la curiosa historia del señor pájaro',357,312,'búsqueda de la propia identidad','madurez',NULL,NULL),(409,3,'978-84-96646-68-1','cuando yo hice de maría',312,313,'acoso en la escuela','tolerancia','integración','navidad'),(410,3,'978-84-92412-85-3','la revancha del gallo',66,63,'aventuras','emociones y sentimientos','viajes',NULL),(411,3,'978-84-494-4154-7','juan y el lobo',358,160,'mentiras','clásicos modernizados','lobos','humor'),(412,3,'978-84-15163-12-1','wáluk',359,314,'osos polares','ecología','animales en vías de extinción','animales humanizados'),(413,3,'978-84-494-4163-9','johanna en el tren',360,315,'metaliteratura','viajes','cerdos',NULL),(414,3,'978-84-261-3810-1','mi primer coche era rojo',228,208,'hermanos','educación vial','juegos','aventuras'),(415,3,'978-84-667-9486-2','en blanco',361,259,'sueños','miedos infantiles','noche','imaginación'),(416,3,'978-84-263-8069-2','te quiero un montón',73,316,'amor','cartas',NULL,NULL),(417,3,'978-607-400-395-6','¡es un libro!',362,317,'libros','lectura',NULL,NULL),(418,3,'978-84-92696-50-5','piips',363,318,'humor','mascotas','animales','ratones'),(419,3,'978-84-92857-27-2','la casa del árbol',364,319,'estaciones del año','transcurso de la vida','árboles',NULL),(420,3,'978-84-9780-694-7','10 pelos juntos o cuánto mide 1 milímetro',365,320,'pesos y medidas',NULL,NULL,NULL),(421,3,'978-84-261-3836-1','detrás del muro',366,162,'relación padres-hijos',NULL,NULL,NULL),(422,3,'978-84-2691-3816-3','biblioburro: una histora real de colombia',243,220,'lectura','valentía','pobreza',NULL),(423,3,'978-84-261-3818-7','cola, papel y tijeras: 45 figuritas en 3d para niños creativos',367,321,'manualidades','informativo','creatividad','recortables'),(424,3,'978-84-8470-416-4','la familia ratón va a la playa',368,322,'animales','ingenio','mar',NULL),(425,3,'978-84-8470-413-3','el almuerzo',369,NULL,'aventuras','animales',NULL,NULL),(426,15,'978-84-937863-2-8','isadora duncan: la bailarina del mar',370,323,'duncan, isadora - biografías','ballet',NULL,NULL),(427,15,'978-84-92412-95-2','un bestiario de la prehistoria',371,324,'prehistoria','fauna',NULL,NULL),(428,15,'978-84-667-9529-6','aventuras en espiral',372,77,'aventuras','fantasía','totalitarismos','científicos'),(429,15,'978-84-204-2342-5','las verdaderas confesiones de charlotte doyle',373,NULL,'aventuras',NULL,NULL,NULL),(430,15,'978-84-938036-2-9','bombástica naturalis: bombastus dulcimer',374,325,'fantasía','botánica','naturaleza','imaginación'),(431,15,'978-84-263-7969-6','alicia en el pais de las maravillas',375,111,'aventuras','mundos fantásitoc','animales fantásticos',NULL),(432,15,'978-84-261-3848-4','fibonacci: el soñador de números',376,326,'números','matemáticas','fibonacci, leonardo - biografías',NULL),(433,15,'978-84-261-3834-7','tutankamón',377,327,'egipto - historia','tutankamón - biografías',NULL,NULL),(434,15,'978-84-342-3689-9','el gran libro de los vampiros',378,328,'vampiros',NULL,NULL,NULL),(435,15,'978-84-15250-23-4','un cuadro de velázquez',331,NULL,'velázquez, diego 1599-1660 - las meninas','pintura - s.xvii',NULL,NULL),(436,15,'978-956-289-087-8','olivia en venecia',379,329,'animales humanizados','viajes',NULL,NULL),(437,15,'978-84-667-9553-1','el caso del niño que no quería ser niño',380,330,'niños diferentes','solidaridad','monstruos','fantasmas'),(438,15,'978-84-938293-0-8','la princesa feliz',28,331,'princesas','búsqueda de la propia identidad',NULL,NULL),(439,15,'978-84-92412-81-5','el huésped dudoso',279,245,'relaciones familiares','absurdo',NULL,NULL),(440,15,'978-84-9801-497-6','una ciudad a lo largo del tiempo',381,332,'historia','arqueología','ciudad','informativo'),(441,15,'978-84-937212-5-1','picuyo',382,333,'relación niño-animal','hermanos','pájaros',NULL),(442,15,'978-84-263-8182-8','el herbario de las hahdas',199,334,'libros troquelados','hadas',NULL,NULL),(443,15,'978-84-441-4694-2','emiliano y el zampabollos',383,197,'ingenio','pájaros',NULL,NULL),(444,15,'978-84-675-4407-7','esas grandes preguntas sobre la vida y todo lo demás',384,335,'preguntas',NULL,NULL,NULL),(445,15,'978-84-937506-6-4','el pájaro negro',202,185,'miedos','infancia','conflictos familiares',NULL),(446,15,'978-84-937506-7-1','el pez que sonreía',294,255,'soledad','relación hombre-animal',NULL,NULL),(447,15,'978-84-92608-44-7','rasmus y el vagabundo',385,1,'adopción','huérfanos','aventuras','supervivencia'),(448,15,'978-84-263-7382-3','la noche del marramiáu',386,240,'amor','aventuras',NULL,NULL),(449,15,'978-84-9841-611-4','reencuentro con el señor bello',48,336,'aventuras','amistad','animales',NULL),(450,15,'978-84-667-9550-0','el vendedor de humo',387,337,'aventuras','fantasía',NULL,NULL),(451,15,'978-84-92696-71-0','¡en familia!',388,338,'familia','relaciones personales',NULL,NULL),(452,15,'978-84-236-9992-6','la vida y poesía de frederico garcía lorca contada a los niños',304,339,'garcía lorca, frederico - biografías','poesía','literatura',NULL),(453,15,'978-84-92608-40-9','mefi, sata y monio',389,340,'emociones y sentimientos','maldad','huérfanos',NULL),(454,15,'978-84-675-4743-6','niños de los cinco continentes',390,NULL,'niños','familia','fotografía',NULL),(455,15,'978-84-279-0120-9','el poder superior de lucky',391,341,'huérfanos','abandono','adopción',NULL),(456,15,'978-84-9841-525-4','el jardín de medianoche',392,NULL,'mundos fantásticos','soledad','hermanos','fantasmas'),(457,15,'978-84-92696-58-1','la abeja de más',393,342,'racismo','inmigrantes','convivencia','integración social'),(458,15,'978-84-92412-91-4','cuentos para niños no tan buenos',354,343,'animales','maltrato','relación hombre-animal','enseñanzas morales'),(459,15,'978-84-667-9530-2','ellas hicieron historia: mujeres admirables',394,32,'mujeres','biografía',NULL,NULL),(460,15,'978-84-263-8146-0','diente de león',224,59,'amistad','guerra civil española','traiciones',NULL),(461,15,'978-84-938036-3-6','historias de conejo y elefante',67,64,'humor','animales protagonistas',NULL,NULL),(462,15,'978-84-667-9422-0','nada pura 100%',225,205,'fantasía','animales humanizados','ciencia','imaginación'),(463,15,'978-84-263-8163-7','un panal de rica miel: antología de fábulas',395,325,'fábulas','animales',NULL,NULL),(464,15,'978-84-679-0502-1','el suspiro',396,344,'amor','aventuras',NULL,NULL),(465,15,'978-84-998-284-1','espectros y experimentos',317,273,'misterio','aventuras','fantasmas',NULL),(466,15,'978-84-938293-8-4','caperucita roja',397,345,'miedos','cuentos clásicos',NULL,NULL),(467,15,'978-84-92702-73-2','jardín de versos de un niño',398,346,'infancia','hora de dormir','juegos',NULL),(468,15,'978-84-7942-884-6','dinosaurios: viaja por el fascinante mundo de la prehistoria',399,347,'dinosaurios','prehistoria','libros troquelados',NULL),(469,15,'978-84-675-4663-7','moribitó: el guardián del espíritu',400,NULL,'fantasía épica',NULL,NULL,NULL),(470,15,'978-84-92750-39-9','¿quién anda ahí?',401,5,'libertad','amistad','astucia',NULL),(471,4,'978-84-675-5669-8','dinosaurios gigantes: descubre el mundo de los dinosaurios',NULL,NULL,'dinosaurios',NULL,NULL,NULL),(472,4,'978-84-675-5173-0','física divertida para gente curiosa',402,348,'física - curiosidades',NULL,NULL,NULL),(473,4,'978-84-939381-8-5','el viejo y la margarita',2,349,'letras en mayúscula','ingenio','bibliotecas','plantas'),(474,4,'978-84-263-8645-8','solgo',403,350,'altruismo','pintura','solidaridad',NULL),(475,4,'978-84-8470-447-8','nublado con probabilidades de albóndigas',404,351,'fantasía','humor','comida',NULL),(476,4,'978-84-92696-77-2','barnie',405,161,'mascotas','humor',NULL,NULL),(477,4,'978-84-92702-88-6','la mejor bellota',326,352,'ratones','paciencia','narración oral','cuentos'),(478,4,'978-84-939213-1-6','eloísa y los bichos',406,353,'integración','emigración','amistad',NULL),(479,4,'978-84-263-8260-3','¿qué es el amor?',175,61,'amor',NULL,NULL,NULL),(480,4,'978-84-9871-390-9','a partes iguales',407,354,'aventuras','desigualdad social','personajes fantásticos',NULL),(481,4,'978-8415357117','azulín azulado',408,355,'amistad','bondad','soledad',NULL),(482,4,'978-84-675-5235-5','cómo se fabrican las cosas',269,NULL,'objetos cotidianos','medio ambiente','fabricación',NULL),(483,4,'978-84-96509-78-8','la señora meier y el mirlo',409,356,'felicidad','angustia','relación hombre-animal','solidaridad'),(484,4,'978-84-92750-66-5','el cuento de la hormiguita que quería mover las montañas',410,357,'lectura','imaginación','hábitos cotidianos','relacion niño-adulto'),(485,4,'978-84-937839-8-3','sapo de otro pozo',411,358,'aceptación','amistad','animales','humor'),(486,4,'978-84-216-8849-6','el secreto de papá noel',32,359,'navidad','papá noel','regalos','tradiciones navideñas'),(487,4,'978-84-15116-55-4','circo alegría',412,360,'animales','circo','superación',NULL),(488,4,'978-84-939877-2-5','un autobús caído del cielo',34,33,'convivencia',NULL,NULL,NULL),(489,4,'978-84-92696-73-4','buenas noches, carola',413,198,'miedos','maldad',NULL,NULL),(490,4,'978-84-939213-2-3','cuando no estás aquí',414,361,'autonomía','niños','soledad','melancolía'),(491,4,'978-84-9801-607-9','mi perrito quiere bailar ballet',415,362,'mascotas','ballet','perros','amistad'),(492,4,'978-84-246-4317-1','la pulga rusa',416,363,'amistad','solidaridad',NULL,NULL),(493,4,'978-84-939381-3-0','pulgarcito',417,331,'cuentos clásicos','astucia','acoso en la escuela',NULL),(494,4,'978-84-675-5685-8','el arenque rojo',301,364,'creatividad','fantasía','juegos',NULL),(495,4,'978-84-15357-01-8','por qué los gatos no llevan sombrero',60,365,'narrativa','animales','humor','consumismo'),(496,4,'978-84-939414-4-4','conducir es fácil',418,366,'automóviles','conducción',NULL,NULL),(497,4,'978-84-96646-80-3','yo aquí sólo soy el perro',312,367,'perros','relación niño-animal','relación hombre-animal','mascotas'),(498,4,'978-84-8483-622-3','las aventuras de pinocho',65,368,'travesuras','relación padres-hijos','enseñanzas morales','aventuras'),(499,4,'978-84-678-2899-3','kasweka',419,369,'inmigrantes','pluralismo cultural','escuela','niños'),(500,4,'978-84-15357-02-5','robinsón, cruasán',420,370,'amistad','soledad',NULL,NULL),(501,4,'978-84-939381-6-1','historia de nuk',315,371,'viajes iniciáticos','búsqueda de la propia identidad','madurez','amor por la naturaleza'),(502,4,'978-84-92750-65-8','mi papá',421,357,'relación padres-hijos','vida cotidiana','humor',NULL),(503,4,'978-84-488-3449-4','el chocolate y los postres: 22 recetas de niños',422,372,'postres','recetas de cocina','gastronomía',NULL),(504,4,'978-84-939138-1-6','compota de manzana',423,373,'relación padres-hijos',NULL,NULL,NULL),(505,4,'978-84-939912-5-8','el bunyip',424,374,'búsqueda de la propia identidad','soledad','mitología',NULL),(506,4,'978-84-261-3931-3','corre, pequeño gorrión',425,375,'amistad','animales','enfermedades',NULL),(507,4,'978-84-261-3887-3','explorar y crear: 35 trabajos artesanales con materiales encontrados en la naturaleza',426,NULL,'trabajos manuales','artesanía',NULL,NULL),(508,16,'978-84-488-3380-0','ensueños',427,376,'fantasía','magia','sueños',NULL),(509,16,'978-84-15241-10-2','dentro de mi imaginación',428,377,'felicidad','imaginación',NULL,NULL),(510,16,'978-84-246-4394-2','la verdadera historia del capitán garfio',250,NULL,'piratas','aventuras','marineros',NULL),(511,16,'978-84-939984-2-4','el coche de bomberos ligeramente defectuoso, o el geniecillo de aquí para allá',429,NULL,'fantasía',NULL,NULL,NULL),(512,16,'978-84-96509-99-3','árboles',430,378,'árboles','naturaleza','communicación',NULL),(513,16,'978-84-261-3876-7','el perro y la liebre',431,NULL,'animales humanizados','amistad','convivencia','tolerancia'),(514,16,'978-84-939889-2-0','puerta del sol: madrid',432,197,'puerta del sol - madrid','ciudades',NULL,NULL),(515,16,'978-84-285-4038-4','100% ciencia: 50 nuevos experimentos',433,NULL,'ciencia','experimentos','naturaleza','medio ambiente'),(516,16,'978-84-92608-53-9','el principio',434,379,'guerra','esperanza',NULL,NULL),(517,16,'978-84-263-8610-6','el pequeño teatro de rebecca',435,111,'teatro',NULL,NULL,NULL),(518,16,'978-84-494-4568-2','diapasón',436,380,'música','naturaleza',NULL,NULL),(519,16,'978-84-488-3472-2','abuelas de la a a la z',408,355,'abuelas','humor','relaciones abuelos-nietos',NULL),(520,16,'978-84-263-8604-5','un intruso en mi cuaderno',437,281,'amistad','amor','cáncer','mariposas'),(521,16,'978-84-9841-646-6','el caballero fantasma',30,381,'fantasmas','caballeros y caballería','relación niño-adulto',NULL),(522,16,'978-84-216-7269-3','mago por casualidad',438,382,'fantasía','humor',NULL,NULL),(523,16,'978-84-92696-87-1','el día que saída llegó',439,383,'tolerancia','inmigrantes','amistad','integración cultural'),(524,16,'978-84-675-5435-9','el secreto del huevo azul',440,384,'mentiras','valentía','viajes imaginarios',NULL),(525,16,'978-84-279-0018-9','el otro félix',441,NULL,'amistad','monstruos','pesadillas','sueños'),(526,16,'978-84-938950-4-4','del enebro',442,385,'tradición popular',NULL,NULL,NULL),(527,16,'978-84-272-0320-4','diario de greg 6: ¡atrapados en la nieve!',288,NULL,'diarios','humor','travesuras','adolescentes'),(528,16,'978-84-246-3762-0','atlas del mundo',443,386,'atlas','geografía física','geografía humana','medio ambiente'),(529,16,'978-84-8441-934-1','las gafas más raras del mundo',444,387,'humor','animales fantásticos',NULL,NULL),(530,16,'978-84-263-8614-4','ondina',198,183,'fantasía','leyendas','amor',NULL),(531,16,'978-84-279-0148-3','un perro llamado vagabundo',445,NULL,'muerte','emociones y sentimientos','relaciones familiares','relación niño-adulto'),(532,16,'978-84-15580-33-1','trolas y pifias de mateo hidalf: la fiesta del rey',446,NULL,'fantasía','aventuras','relación padres-hijos','búsqueda de la propia identidad'),(533,16,'978-84-92719-37-2','tomek: el río al revés',447,388,'amistad','aventuras','amor',NULL),(534,16,'978-84-261-3938-2','el barco de chocolate: cuentos para niños y no tan niños',448,389,'cuentos',NULL,NULL,NULL),(535,16,'978-84-9841-642-8','odessa y el mundo secreto de los libros',449,390,'aventuras','libros','fantasía',NULL),(536,16,'978-84-246-4395-9','los peores años de mi vida',450,391,'diarios','aventuras','adolescencia',NULL),(537,16,'978-84-92608-57-7','la cocina de toto murube',451,392,'cocina','superación','lenguaje',NULL),(538,16,'978-84-939381-4-7','un ángel travieso',452,363,'empatía','sueños',NULL,NULL),(539,16,'978-84-1543-017-9','áfrica salvaje: viaja por los increíbles hábitats del continente',399,NULL,'áfrica','animales salvajes',NULL,NULL),(540,16,'978-84-96509-28-3','la montaña',233,NULL,'mundos fantásticos','miedos','viajes iniciáticos',NULL),(541,16,'978-84-940336-6-7','el fantasma de canterville',241,393,'aventuras','amistad','relaciones personales',NULL),(542,6,'978-84-9825-899-8','mishiyu',453,70,'adopción',NULL,NULL,NULL),(543,6,'978-84-941676-0-7','soy un artista',454,394,'creatividad','relación padres-hijos',NULL,NULL),(544,6,'978-84-16078-04-2','la danza del tiempo',455,395,'astronomía','sistema solar',NULL,NULL),(545,6,'978-84-940292-8-8','a lo bestia',456,349,'animales','humor','poesía',NULL),(546,6,'978-84-263-9176-6','los leones no comen pienso',457,396,'humor','leones',NULL,NULL),(547,6,'978-607-400-315-4','el secreto de la flor que volaba',458,397,'libertad','mariposas','egoísmo',NULL),(548,6,'978-84-16078-12-7','yoga en la selva',459,398,'yoga',NULL,NULL,NULL),(549,6,'978-84-683-1171-5','cuca y el abrigo marrón',460,399,'perros','soledad','relación hombre-animal',NULL),(550,6,'978-84-08-12384-2','chocolate',461,400,'chocolate','alimentos','culturas precolombinas','leyendas'),(551,6,'978-84-261-4025-8','¡hola!¡hola!',462,401,'animales','relaciones familiares','nuevas tecnologías',NULL),(552,6,'978-84-678-6133-4','feliz feroz',463,402,'lobos','humor','diferencias','vegetarianismo'),(553,6,'978-84-261-4090-6','paul klee: el gato y el pájaro',464,403,'paul klee','pintura','libertad',NULL),(554,6,'978-84-941054-6-3','la tarta de hadas',410,357,'humor','alimentación','relación padres-hijos','imaginación'),(555,6,'978-84-9845-606-6','el sombrero original y la ciudad gris',465,404,'relaciones humanas','moda','búsqueda de la propia identidad',NULL),(556,6,'978-84-942131-1-3','la historia extravagante de hipo & gavante',466,405,'poesía','rimas','animales','aventuras'),(557,6,'978-84-941224-6-0','adiós, abuela',467,406,'abuelos','muerte',NULL,NULL),(558,6,'978-84-204-1702-8','los fantásticos libros voladores del sr. morris lessmore',468,407,'libros','lectura',NULL,NULL),(559,6,'978-84-15208-50-1','la piscina',469,408,'imaginación','mundos fantásticos','piscinas','verano'),(560,6,'978-84-261-4038-8','advertencia: ¡no abras este libro!',470,409,'monos','animales salvajes','sorpresa',NULL),(561,6,'978-84-92608-85-0','las tres princesas pálidas',471,410,'princesas','reyes','cuentos clásicos',NULL),(562,6,'978-84-15357-46-9','nanaquë',472,411,'arte','cooperación','prehistoria',NULL),(563,6,'978-84-16003-06-8','¡qué rico!: sobre platos apetitosos, alimentos asquerosos, guisos olorosos, potajes ventosos, bocatas sabrosos y otros manjares deliciosos',473,412,'alimentación','conducta humana',NULL,NULL),(564,6,'978-84-941716-5-9','melric, el mago que perdió su magia',474,413,'magos','crecimiento personal',NULL,NULL),(565,6,'978-84-9871-488-3','hansel y gretel',475,414,'brujas','abandono infantil','pobreza','cuentos clásicos'),(566,6,'978-84-8428-969-2','la pequeña hija del ganges',476,97,'adopción','india','familia',NULL),(567,6,'978-84-9871-494-4','mucho cuento',477,415,'fantasía','sueños',NULL,NULL),(568,6,'978-84-8470-482-9','la pequeña ana',478,73,'gatos','libertad','conocimiento del entorno',NULL),(569,6,'978-84-8464-880-2','la reina de turnedó',479,392,'poesía','surrealismo',NULL,NULL),(570,6,'978-84-941784-8-1','lucía manchitas: la escalera',480,416,'travesuras','relación padres-hijos','ironía',NULL),(571,6,'978-84-8464-851-2','la cocina de noche',481,417,'sueños','cocina','pasteles',NULL),(572,6,'978-84-16003-09-9','¡despegando!',482,418,'animales','ecología','convivencia',NULL),(573,6,'978-84-8464-887-1','una feliz catástrofe',483,419,'feminismo','igualdad','crecimiento personal','roles de género'),(574,6,'978-84-8488-268-8','el museo',484,420,'arte','sentimientos','creatividad','poesía'),(575,6,'978-607-735-298-3','sr. minino',485,421,'gatos','naves espaciales','extraterrestres','compañerismo'),(576,6,'978-84-261-4033-3','las tijeras de matisse',243,220,'henri matisse','pintura','biografías',NULL),(577,18,'978-84-15250-63-0','inventario ilustrado de los árboles',486,422,'árboles','botánica',NULL,NULL),(578,18,'978-84-8464-839-0','el hombrecito vestido de gris y otros cuentos',3,211,'crítica social','sueños','sufrimiento','cuentos clásicos'),(579,18,'978-84-937863-7-3','maruja mallo: caracola con alas',487,423,'maruja mallo','pintura','biografías',NULL),(580,18,'978-84-246-4646-2','edgar y la escalera',488,424,'mundos fantásticos','hermanos','sueños','infancia'),(581,18,'978-84-9065-002-8','de chica a chica: una charla sincera sobre el crecimiento y el cuerpo en proceso de cambio',489,425,'adolescencia','hábitos de higiene',NULL,NULL),(582,18,'978-84-675-7137-0','el tesoro de barracuda',490,426,'piratas','libros','tesoros','aventuras'),(583,18,'978-84-92608-83-6','12 poemas de federico garcía lorca',491,151,'poesía',NULL,NULL,NULL),(584,18,'978-84-678-6142-6','hänsel y gretel',492,427,'brujas','abandono infantil','pobreza','cuentos cásicos'),(585,18,'978-84-96646-98-8','la zapatilla roja',493,428,'baloncesto','gaza','guerras',NULL),(586,18,'978-84-942648-0-1','la mujer esqueleto',494,429,'leyendas','narración oral','inuit',NULL),(587,18,'978-84-15250-68-5','gorigori',495,NULL,'poesía','pintura',NULL,NULL),(588,18,'978-84-16120-60-4','la gran inundación',285,248,'mumin - personajes de ficción','familia','naturaleza',NULL),(589,18,'978-84-941652-5-2','mumin: la colección completa de cómics',285,248,'mumin - personajes de ficción','humor',NULL,NULL),(590,18,'978-84-15945-10-9','en una noche de tormenta',496,175,'amistad','tolerancia','parábolas',NULL),(591,18,'978-84-15208-49-5','la luna se olvidó',294,255,'amistad','crecimiento personal','imaginación','recuerdos'),(592,18,'978-84-15920-23-6','los niños de bullerbyn',497,430,'infancia','vida rural','naturaleza',NULL),(593,18,'978-84-263-9166-7','las aventuras de la bruja fritanga',386,240,'magia','humor',NULL,NULL),(594,18,'978-84-8343-305-8','don batuta busca músicos para su orquesta',498,431,'música','humor',NULL,NULL),(595,18,'978-84-263-9257-2','un cóndor en madrid',499,432,'amistad','ecuador','inmigración',NULL),(596,18,'978-84-96646-93-3','matti y sami y los tres errores más grandes del universo',500,NULL,'finlandia','mentiras','relaciones familiares','viajes'),(597,18,'978-84-678-6129-7','nunca más aburridos dentro de casa',348,NULL,'juegos','manualidades',NULL,NULL),(598,18,'978-84-08-12712-3','los niños de cristal',501,NULL,'aventuras','misterio',NULL,NULL),(599,18,'978-84-941439-7-7','curiosón: viaje al corazón del océano',502,433,'mar','contaminación',NULL,NULL),(600,18,'978-84-15250-60-9','carta de las islas baladar',354,434,'colonialismo','explotación','avaricia','humor'),(601,18,'978-84-263-9174-2','olivia shakespeare',503,435,'teatro','personajes fantásticos','igualdad','roles de género'),(602,18,'978-84-263-9179-7','ada goth y el fantasma del ratón',504,436,'aventuras','fantasmas','personajes fantásticos',NULL),(603,18,'978-84-678-6232-4','el zorro y la maestra',223,437,'lenguas','maestras','convivencia','canciones populares'),(604,18,'978-84-15601-67-8','el pioloto y el principito: la vida de antoine de saint-exupéry',505,262,'saint exupéry, antoine de','aviación','biografías',NULL),(605,18,'987-84-15208-46-4','las reglas del verano',506,115,'imaginación','juegos','hermanos',NULL),(606,18,'978-84-941619-9-5','los rascacielos',507,438,'egoísmo','relaciones humanas','crítica social',NULL),(607,7,'978-84-8464-932-8','cuadros de una exposición: modest mussorgsky',508,439,'imaginación','música','arte',NULL),(608,7,'978-84-675-7926-0','el inventor de pájaros',509,440,'pájaros','inventores','narradores de cuentos',NULL),(609,7,'978-84-15357-65-0','sombra robada',1,259,'sombras','miedo','humor','cementarios'),(610,7,'978-84-683-1543-0','mascota lobo',2,5,'lobos','animales domésticos','astucia','humor'),(611,7,'978-84-16114-06-1','bill bolet: el rey de las setas',510,441,'setas','hongos','convivencia','relaciones sociales'),(612,7,'978-84-16167-07-4','atak',511,442,'cuentos populares','cultura popular',NULL,NULL),(613,7,'978-84-8464-911-3','tío lobo',512,4,'mentiras','lobos','miedo',NULL),(614,7,'978-84-942733-2-2','el oro de la liebre',513,443,'avaricia','mentiras','fábulas','miedos infantiles'),(615,7,'978-84-9424-733-0','bestiario',514,444,'animales','animales fantásticos','bestiarios',NULL),(616,7,'978-84-942854-5-5','con el ojo de la i: poemas para ir en tren',456,445,'adivinanzas','libros-juego','libros móviles',NULL),(617,7,'978-84-16003-25-9','calvin no sabe volar: la historia de un pájaro ratón de biblioteca',515,446,'pájaros','lectura','aprendizaje','cooperación'),(618,7,'978-84-8470-510-9','la marmota pancha y el zorro',516,447,'paciencia','astucia','primavera','amistad'),(619,7,'978-84-9845-697-4','la montaña de libros más alta del mundo',517,448,'libros','lectura','imaginación',NULL),(620,7,'978-84-263-9383-8','¡soy el lobo!',457,396,'lobos','sueños','pesadillas','humor'),(621,7,'978-84-15973-46-1','juanito diminuto',518,449,'personajes diminutos','aventuras','rimas','cuentos'),(622,7,'978-84-942360-9-9','no he hecho los deberes porque...',175,287,'colegios','imaginación','humor',NULL),(623,7,'978-84-16226-36-8','un día en el mar',519,298,'imaginación','juegos infantiles','relación madre-hijos',NULL),(624,7,'978-84-941241-9-8','el día en que me convertí en pájaro',520,349,'amor',NULL,NULL,NULL),(625,7,'978-84-16117-20-8','la gravedad',521,450,'gravedad','astronomía','física',NULL),(626,7,'978-84-16075-34-8','el pequeño elliot en la gran ciudad',522,451,'amistad','superación',NULL,NULL),(627,7,'978-84-9801-823-3','cómo funcionan las cosas',523,452,'manualidades','divulgación cientifica','libros-juego',NULL),(628,7,'978-84-941831-4-0','soy pepín pinzón',524,453,'crecimiento personal','superación','pájaros',NULL),(629,7,'978-84-944026-0-9','como pluma de pájaro',408,454,'escritura','imaginación','creación literaria',NULL),(630,7,'978-84-943476-0-3','pájaro amarillo',525,455,'inventores','pájaros','ecología','generosidad'),(631,7,'978-84-942854-7-9','tienes un vestido blanco',526,456,'naturaleza','estaciones del año','imaginación',NULL),(632,7,'978-607-735-467-3','si quieres ver una ballena',527,457,'ballenas','crecimiento personal','sentimientos',NULL),(633,7,'978-84-16142-04-0','el dragón de papá',528,458,'aventuras','fantasía','ingenio','animales humanizados'),(634,7,'978-84-9101-031-9','vincent van gogh',104,97,'van gogh, vincent','biografías','arte',NULL),(635,7,'978-84-9845-701-8','filiberto el dragón',529,459,'dragones','discriminación','aceptación',NULL),(636,7,'978-84-943038-8-3','el sol, la luna y el agua: un cuento de nigeria',530,460,'naturaleza','cuentos populares',NULL,NULL),(637,7,'978-84-683-1288-0','mi loca familia',531,461,'hermanos','relaciones familiares','miedos infantiles',NULL),(638,7,'978-84-942081-4-0','issun bôshi: el niño que no era mucho más alto que un pulgar',532,462,'hijos','crecimiento personal','cuentos orientales',NULL),(639,7,'978-84-943134-2-4','el huevo maravilloso',533,463,'pájaros','dinosaurios','prehistoria',NULL),(640,7,'978-607-735-511-3','el menino',534,464,'bebés','maternidad','nacimiento','relaciones familiares'),(641,7,'978-84-261-4217-7','nunca sonrías a un mono: y otras 17 cosas importantes a recordar',535,465,'animales salvajes','conducta animal','relación hombre-animal','ecología'),(642,7,'978-84-941578-5-1','eres polvo de estrellas',536,466,'universo','origen de la vida','divulgación cientifica',NULL),(643,7,'978-84-261-4116-3','lindbergh: la increíble historia de un ratón volador',537,467,'aviones','inventores','lindbergh, charles',NULL),(644,7,'978-84-8470-499-7','había una vez un recuerdo',538,468,'tiempo','cambios','recuerdos',NULL),(645,7,'978-84-263-9367-8','cerdo y bicho, una gran amistad',539,469,'amistad','diferencias','animales',NULL),(646,7,'978-84-16117-11-6','el rey de las pequeñas cosas',540,470,'reyes','ambición','humildad',NULL),(647,7,'978-84-942733-4-6','para siempre',541,471,'muerte','sentimientos',NULL,NULL),(648,7,'978-84-15208-66-2','no puedo dormir',542,472,'muerte','sentimientos','relación padre-hijos',NULL),(649,7,'978-84-675-7796-9','el señor flux',543,473,'aburrimiento','autorrealización','cambios','arte'),(650,7,'978-84-263-9461-3','ahab y la ballena blanca',544,474,'moby dick - personaje de ficción','aventuras en el mar','ballenas',NULL),(651,7,'978-84-16226-38-2','carlitos super m',545,349,'héroes','sueños','imaginación',NULL),(652,7,'978-84-942451-4-5','yo soy el gato',546,475,'felinos','conocimientos de los animales',NULL,NULL),(653,7,'978-84-939736-9-8','la madre de jack',129,476,'muerte','madres',NULL,NULL),(654,7,'978-84-261-4190-3','mi abuelo y yo',547,477,'muerte','relación abuelos-nietos',NULL,NULL),(655,7,'978-84-8464-913-7','la abuela durmiente',548,478,'abuelos-nietos','muerte',NULL,NULL),(656,7,'978-84-942228-7-0','¿sales a jugar?',549,479,'juegos infantiles','juegos al aire libre','tiempo libre',NULL),(657,7,'978-84-942360-6-8','el perro negro',550,480,'miedo','familia','monstruos','superación'),(658,7,'978-84-942473-2-3','el libro de las camas',551,9,'fantasía','imaginación',NULL,NULL),(659,7,'978-84-675-7773-0','recién pintado',221,123,'convivencia','tolerancia','diversidad social',NULL),(660,7,'978-84-16117-13-0','las zanahorias maléficas',552,481,'miedo','zanahorias',NULL,NULL),(661,7,'978-84-15357-67-4','jompirú',67,482,'miedo','soledad','cuentos','narración oral'),(662,7,'978-84-9825-958-2','si usted volara...',67,64,'imaginación','libros-juego',NULL,NULL),(663,7,'978-84-261-4121-7','el sonido de los colores: los colores y los sonidos del arte abstracto',553,483,'kandinsky, vasily','biografías','arte',NULL),(664,7,'978-84-9065-081-3','pequeña & grande frida kahlo',554,484,'kahlo, frida','biografías','arte',NULL),(665,7,'978-84-675-7400-5','se vende mejor amigo',70,291,'amistad','niños','colegios','humor'),(666,7,'978-84-8464-861-1','al otro lado',481,417,'hermanos','secuestros','relaciones familiares','fantasía'),(667,7,'978-84-678-7135-7','el asombroso viaje de la voz del señor bianchi',555,331,'viajes','humor','absurdo',NULL),(668,7,'978-84-8464-961-8','el árbol generoso',556,485,'árboles','relación con la naturaleza','generosidad',NULL),(669,7,'978-607-735-297-6','la oscuridad',557,486,'oscuridad','miedos infantiles','superación',NULL),(670,7,'978-84-675-7783-9','la sirena y los gigantes enamorados',558,487,'sirenas','gigantes','leyendas',NULL),(671,7,'978-84-261-4241-2','el muro',75,488,'elefantes','convivencia','conflictos internacionales',NULL),(672,7,'978-84-8464-916-8','no hay dos iguales',75,487,'relacioes personales','sentimientos','besos',NULL),(673,7,'978-84-8464-933-5','la luna de juan',559,191,'muerte','soledad','imaginación',NULL),(674,7,'978-607-735-436-9','pájaro azul',560,489,'crecimiento personal','superación',NULL,NULL),(675,7,'978-84-941789-5-5','¡pero yo soy un oso!',561,490,'osos','absurdo','humor',NULL),(676,7,'978-84-943614-0-1','azul: ¿otra hormiga negra?',562,491,'diversidad social','personalidad','valentía','crítica social'),(677,7,'978-84-261-4243-6','letras al carbón',563,492,'alfabetización','mujeres','constancia','superación'),(678,7,'978-84-16290-36-9','los secretos del cole: ¿adónde van las profes cuando se pone el sol?',564,493,'colegios','profesores','humor',NULL),(679,19,'978-84-9871-509-5','un trocito de horizonte',167,494,'piratas','sueños',NULL,NULL),(680,19,'978-84-675-4429-9','biología divertida para gente muy viva',402,348,'biología','libros móviles',NULL,NULL),(681,19,'978-84-16147-25-0','el faro de las almas',565,377,'solidaridad','relación abuelos-nietos',NULL,NULL),(682,19,'978-84-15357-66-7','brujarella',374,325,'brujas','aventuras','misterio','humor'),(683,19,'978-84-7774-480-1','el jardín de las delicias: el bosco',566,495,'el bosco','arte','renacimiento',NULL),(684,19,'978-84-678-7137-1','cuentos mínimos',326,496,'cuentos','imaginación','redes sociales',NULL),(685,19,'978-84-678-7140-1','querida blanca',567,497,'blancanieves - personaje de ficción','correspondencia','humor',NULL),(686,19,'978-84-261-4024-1','cuentos de la madre tierra',568,498,'tierra - planeta','ecología','cuentos populares','leyendas'),(687,19,'978-84-941662-2-8','rojo o por qué el bullying no es divertido',569,499,'acoso en la escuela','violencia','educación cívica','relaciones sociales'),(688,19,'978-84-8464-886-4','ícaro',570,62,'libertad','orfanatos','relaciones familiares',NULL),(689,19,'978-84-15850-94-6','paula crusoe: náufraga',571,500,'náufragos','familia','aventuras',NULL),(690,19,'978-84-941765-7-9','las más bellas nanas de música clásica',572,501,'niños','canciones de cuna','música',NULL),(691,19,'978-84-15250-88-3','donde nace la noche',573,502,'noche','naturaleza',NULL,NULL),(692,19,'978-84-16208-36-4','el jefe de la manada',574,NULL,'perros','protección de los animales','misterio','aventuras'),(693,19,'978-84-943038-6-9','mar: actividario',575,2,'mar','océano','diccionarios',NULL),(694,19,'978-84-679-1821-2','plum: historias gatunas',576,503,'gatos','conducta animal','relación hombre-animal',NULL),(695,19,'978-84-941831-8-8','un cuento',577,504,'cuentos encadenados','imaginación','absurdo',NULL),(696,19,'978-84-678-6126-6','huéspedes horripilantes',578,505,'familia','muebles','humor',NULL),(697,19,'978-84-9841-854-5','¡genios!: los inventos más asombrosos de todos los tiempos',579,NULL,'inventos','tecnología','medios de comunicación','transportes'),(698,19,'978-84-941579-9-8','el libro de la suerte: el viaje del sr. buenaventura: el viaje del sr. malapata',580,506,'suerte','vacaciones','viajes',NULL),(699,19,'978-84-08-13743-6','el bastón maldito',581,507,'misterio','aventuras','fantasía','relaciones familiares'),(700,19,'978-84-15208-69-3','el oso que no estaba',582,356,'osos','animales humanizados','búsqueda de la propia identidad',NULL),(701,19,'978-84-942081-7-1','sofía viaja la antártida',583,508,'antártida','libros de viajes','conocimiento de la naturaleza',NULL),(702,19,'978-84-13001-40-2','un indio en mi jardín',204,509,'relaciones familiares','relación padre-hijos','humor',NULL),(703,19,'978-84-16427-03-1','tiempos solares: los 24 periodos del calendario chino',584,510,'estaciones del año','astronomía','china',NULL),(704,19,'978-84-15208-58-7','el silbido del lobo',585,511,'lobos','superhéroes','cuentos clásicos','critica social'),(705,19,'978-84-204-1848-3','un lío de perros',586,160,'perros','magia','relación niño-animal',NULL),(706,19,'978-84-675-7927-7','la vida secreta de rebecca paradise',207,512,'imaginación','humor','relaciones sociales','sentimientos'),(707,19,'978-84-15357-74-2','del maravilloso libro de calila y dimna',472,411,'libros','fábulas','cuentos encadenados','edad media'),(708,19,'978-84-678-6170-9','los chicos de barracón nº 2',587,513,'prisioneros','guerra','sentimientos','valentía'),(709,19,'978-84-16290-09-3','catherine',588,514,'infancia','relación niño-adulto','recuerdos','metáforas'),(710,19,'978-84-261-4114-9','pequeño gran chef',589,NULL,'recetas de cocina',NULL,NULL,NULL),(711,19,'978-84-263-9336-4','fango',301,365,'perros','relación niño-animal',NULL,NULL),(712,19,'978-84-683-1579-9','el signo prohibido',590,515,'amistad','misterio','lenguaje',NULL),(713,19,'978-84-15967-45-3','el castor constructor y otros animales arquitectos',591,516,'conocimiento de los animales',NULL,NULL,NULL),(714,19,'978-84-15208-59-4','el planeta de la cajita de música',592,517,'música','mundos fantásticos','convivencia',NULL),(715,19,'978-84-8464-904-5','¿quién falta?',593,518,'animales en peligro de extinción','ecología',NULL,NULL),(716,19,'978-84-15208-63-1','hilda y el perro negro',594,519,'aventuras','imaginación','personajes fantásticos',NULL),(717,19,'978-84-263-9388-3','los superhéroes odian las alcachofas',595,183,'superhéroes','poderes sobrenaturales',NULL,NULL),(718,19,'978-84-16112-93-7','cenicienta',596,37,'cenicienta - personaje de ficción','amor','príncipes','envidia'),(719,19,'978-84-261-4113-2','arte moderno en acción: 36 projectos creativos inspirados en artistas modernos, de monet a banksy',597,NULL,'pintura','arte','artistas','creatividad'),(720,19,'978-84-942854-4-8','desde los ojos de lucas',598,520,'fútbol','ciegos','marineros',NULL),(721,19,'978-84-675-7921-5','pastel espacial',599,521,'aventuras','vida futura','extraterrestres',NULL),(722,19,'978-84-96646-81-0','el bosque de la bruja y los calcetines mágicos',312,522,'brujas','magia','amor',NULL),(723,19,'978-84-683-1599-7','un trabajo para magda',224,523,'crisis económicas','politica','solidaridad',NULL),(724,19,'978-84-941771-5-6','un cuento y venti3 sonrisas',600,524,'alegía','optimismo','gioconda - personaje de ficción',NULL),(725,19,'978-84-15357-68-1','vinland: la saga de freydis eiriksdóttir',420,525,'vikingos','cuentos populares',NULL,NULL),(726,19,'978-84-08-13565-4','el secreto del trapecista',601,526,'circos','fantasía','amistad','aventuras'),(727,19,'978-84-683-1597-3','47 trocitos',602,482,'sindome de down','relaciones familiares','hermanos','sentimientos'),(728,19,'978-84-15208-67-9','la memoria del elefante',603,527,'conocimiento','curiosidades','memoria','viajes'),(729,19,'978-84-942918-6-9','irma sirena',604,528,'libertad','sirenas','circos',NULL),(730,19,'978-84-15357-49-0','dibujo de una ciudad',605,NULL,'autobiografías','derechos de las mujeres','cultura popular','india'),(731,19,'978-84-261-4186-6','malala, iqbal: dos historias sobre la valentía',243,220,'libertad','derechos de la infancia',NULL,NULL),(732,8,'978-84-16003-54-9','cuando las vacas flotan',509,440,'peces','libertad','imaginación','relación niño-animal'),(733,8,'978-84-15518-34-1','¿dónde está la luna?',606,529,'luna','conocimiento de la naturaleza',NULL,NULL),(734,8,'978-84-675-8260-4','el turbante rojo',607,530,'aventuras','amistad','integración social','libertad'),(735,8,'978-84-944076-5-9','una vaca',608,531,'vacas','humor','absurdo','vida cotidiana'),(736,8,'978-84-944137-0-4','la leyenda de zum',609,4,'mundos fantásticos','miedo - sentimientos','amistad',NULL),(737,8,'978-84-15518-19-8','historias de nasrudín',610,153,'aprendizaje','humor','cuentos orientales','cuentos populares'),(738,8,'978-84-675-8358-8','desde entonces hasta ahora: mi primer libro sobre la evolución',611,532,'tierra - planeta','evolución','historia',NULL),(739,8,'978-84-944076-0-4','el deshielo',612,3,'guerra','convivencia',NULL,NULL),(740,8,'978-84-140-0173-8','la sabiduría del califa',613,325,'pobreza','justicia','cuentos orientales',NULL),(741,8,'978-84-16290-03-1','babar: todas las historias',614,533,'elefantes','animales humanizados','convivencia','relación hombre-animal'),(742,8,'978-84-944026-2-3','el podador de bonsáis',615,531,'infancia','crecimiento personal','japón','bonsáis'),(743,8,'978-84-8464-967-0','después de la lluvia',616,494,'cooperación','convivencia','animales','lluvia'),(744,8,'978-84-942842-4-3','ojos',17,18,'ojos','sentidos',NULL,NULL),(745,8,'978-84-944009-7-1','contar leones: relatos de animales en libertad',617,534,'animales salvajes','conocimiento de la naturaleza','protección de animales',NULL),(746,8,'978-84-16434-29-9','yo soy adila: historia ilustrada de malala yousafzai',618,535,'yousafzai, malala','biografías','derechos de la infancia','educación'),(747,8,'978-84-16126-40-8','la ballena azul',619,536,'ballenas','animales en peligro de extinción',NULL,NULL),(748,8,'978-84-698-0884-9','agente ricitos',463,402,'misterio','humor','cuentos clásicos',NULL),(749,8,'978-84-16126-25-5','éranse muchas cosas',620,537,'imaginación','fantasía','sentimientos',NULL),(750,8,'978-84-696-0402-1','el gato, el perro, caperucita roja, los huevos explosivos, el lobo y el armario de la abuelita',621,538,'cuentos clásicos','humor','imaginación',NULL),(751,8,'978-84-16465-23-1','los mejores amigos',622,539,'amistad','búsqueda de la propia identidad','vida urbana','accidented de tráfico'),(752,8,'978-84-945123-1-5','cuaderno de vacaciones',623,540,'imaginación','humor','libros-juego',NULL),(753,8,'978-84-944026-6-1','érase',624,349,'narradores de cuentos','lenguaje','creatividad',NULL),(754,8,'978-84-942648-9-4','el dragón que se comió el sol y otros cuentos de la baja casamance',494,429,'cuentos populares','áfrica',NULL,NULL),(755,8,'978-84-16427-10-9','reflexiones de una ranita',625,322,'aprendizaje','filosofía','sentimientos',NULL),(756,8,'978-84-944050-3-7','filemón y baucis',626,541,'amor','hospitalidad','muerte','cuentos clásicos'),(757,8,'978-84-15208-72-3','vacío',627,542,'sentimientos','autoestima','aceptación',NULL),(758,8,'978-84-15250-61-6','trastario: nanas para lavadoras',207,543,'electrodomésticos','artefactos','imaginación','trabalenguas'),(759,8,'978-84-942846-3-2','la jaula de las fieras',297,544,'animales','personajes literarios',NULL,NULL),(760,8,'978-84-15357-91-9','boca arriba',418,366,'tortugas','ancianos','muerte',NULL),(761,8,'978-84-9122-160-9','el hada de la pimienta y otros poemas',628,5,'hadas','humor',NULL,NULL),(762,8,'978-84-140-0117-2','un regalo para silvia',629,440,'pájaros','libertad','derechos de los animales',NULL),(763,8,'978-84-16721-03-0','nube con forma de nube',630,545,'nubes','humor','fantasía',NULL),(764,8,'978-84-15208-82-2','el mejor libro para aprender a dibujar una vaca',631,546,'imaginación','humor','libros-juego',NULL),(765,8,'978-84-944076-9-7','el vuelo de la familia knitter',632,547,'libertad','amor a la naturaleza','familia','imaginación'),(766,8,'978-84-16542-39-0','el viaje',633,548,'inmigración','refugiados','guerra',NULL),(767,8,'978-84-8464-970-0','el letrero secreto de rosie',481,417,'juegos infantiles','imaginación',NULL,NULL),(768,8,'978-84-261-4246-7','polvo de estrellas: carl sagan y los misterios del cosmos',634,549,'sagan, carl','científicos','astronomía','biografías'),(769,8,'978-84-943284-9-7','la flor azul',74,153,'tiempo','flores','naturaleza',NULL),(770,8,'978-84-16226-92-4','el niño que dibujaba sirenas',75,410,'mar','sirenas','relaciones familiares',NULL),(771,8,'978-84-8464-976-2','tengo unos pies perfectos: un libro para leer con los pies descalzos',635,35,'pies','anatomía humana','curiosidades',NULL),(772,8,'978-84-944988-0-0','el bosco: la extraña historia de hieronymus, el gorro, la mochila y la pelota',636,550,'pintura renacentista','viajes fantásticos','personajes fantásticos',NULL),(773,8,'978-84-944942-4-6','el dragón rojo',637,551,'dragones','convivencia','medio ambiente',NULL),(774,8,'978-84-16440-10-8','tina superfriolera',638,552,'superación personal','amistad','ingenio',NULL),(775,8,'978-84-944698-6-2','breve gatopedia ilustrada',639,553,'gatos','humor',NULL,NULL),(776,8,'978-84-15208-83-9','la piedra desobediente',640,554,'bosques','estrellas','miedo - sentimientos',NULL),(777,20,'978-84-16605-09-5','libro',641,555,'historia','libros','bibliotecas','escritura'),(778,20,'978-84-678-7178-4','los descazadores de especies perdidas: genios e ingenios de los años del vapor',372,77,'inventores','imaginación','aventuras','humor'),(779,20,'978-84-944009-9-5','el jardín de las maravillas',642,556,'conocimiento de la naturaleza',NULL,NULL,NULL),(780,20,'978-84-16605-33-0','el sombrero prodigioso y la barraca de los monstruos',643,557,'amor','aventuras','magia',NULL),(781,20,'978-84-944160-8-8','tan grande como siete osos, tan pequeño como un colibrí',644,558,'animales','conocimiento de la naturaleza',NULL,NULL),(782,20,'978-84-698-0997-6','escarlatina: la cocinera cadáver',645,559,'muerte','amistad','humor','recetas de cocina'),(783,20,'978-84-675-8300-7','loco por los monos',646,560,'monos','curiosidades',NULL,NULL),(784,20,'978-84-16167-22-7','esterhazy: historia de un lebratito',647,561,'liebres','historia contemporánea','alemania','fábulas'),(785,20,'978-84-16605-25-5','el niño tras la ventana',648,562,'amistad','sentimientos','superación personal','relaciones sociales'),(786,20,'978-84-16003-48-8','cuéntamelo todo: 101 preguntas realizadas por niños y niñas sobre un tema apasionante',649,412,'educación sexual','salud','adolescencia',NULL),(787,20,'978-84-941771-8-7','¿un paseo?',466,405,'tortugas','animales domésticos','aventuras','imaginación'),(788,20,'978-84-944959-9-1','teatro: actividario',650,2,'teatro','diccionarios',NULL,NULL),(789,20,'978-84-16427-08-6','compendio médico del dr. podalirius',651,563,'insectos','bosques','medicina','amor a la naturaleza'),(790,20,'978-84-15058-30-4','magia grande para manos pequeñas',652,564,'magia','espectáculos',NULL,NULL),(791,20,'978-84-16648-18-4','el mago de auschwitz',653,565,'guerra','nazismo','amistad','esperanza'),(792,20,'978-84-15357-92-6','cosas que a veces pasan',654,566,'surrealismo','humor','imaginación',NULL),(793,20,'978-84-261-4251-1','moletown: la ciudad de los topos',537,467,'medio ambiente','industrialización','ecología','animales humanizados'),(794,20,'978-84-16290-54-3','pippi calzaslargas: todas las historias',497,NULL,'amistad','libertad','infancia',NULL),(795,20,'978-84-140-0119-6','inventario',655,516,'inventos','artefactos','imaginación',NULL),(796,20,'978-84-15250-99-9','mundinovi: el gran teatrillo del mundo',297,62,'marionetas','teatro',NULL,NULL),(797,20,'978-84-140-0203-2','billie',656,567,'holiday, billie','música','biografías',NULL),(798,20,'978-84-16363-46-9','atlas del mundo: un insólito viaje por las mil curiosidades y maravillas del mundo',657,568,'atlas','geografía','naturaleza','civilización'),(799,20,'978-84-246-5831-1','la niña que se convirtió en móvil',658,569,'cultura popular','superstición','amistad','humor'),(800,20,'978-84-16396-89-4','el mundo de los animales',659,570,'animales salvajes','animales en peligro de extinción','zoología',NULL),(801,20,'978-84-15979-93-7','historia de la vida: evolución',660,571,'animales','evolución','tierra - planeta',NULL),(802,20,'978-84-678-7176-0','un monstruo en mi país',302,497,'racismo','discriminación','amistad',NULL),(803,20,'978-84-942131-7-5','pez misterio',129,572,'búsqueda de la propia identidad','sombreros','mundos fantásticos',NULL),(804,20,'978-84-16542-53-6','nana de tela: la vida tejida de louise bourgeois',661,163,'bourgeois, louise','escultura','artistas','biografías'),(805,20,'978-84-15250-95-1','lo que saben los erizos',58,55,'tristeza','sentimientos','animales',NULL),(806,20,'978-84-16440-26-9','tania val de lumbre',662,377,'amistad','aventuras','amor a la naturaleza','relaciones familiares'),(807,20,'978-84-944318-2-1','el niño semilla',550,480,'naturaleza','ecología',NULL,NULL),(808,20,'978-84-261-4355-6','nosotros, nuestra historia',663,58,'historia','humanismo','historia social',NULL),(809,20,'978-84-15807-69-8','viaje los confines del universo',664,573,'astronomía','ciencia',NULL,NULL),(810,20,'978-84-944026-3-0','al caer la noche: consejos útiles para una sana convivencia entre especies',665,395,'monstruos','pesadillas',NULL,NULL),(811,20,'978-84-678-7177-7','cara de otro',666,574,'aceptación','autoestima','superación personal',NULL),(812,20,'978-84-698-0888-7','alma y la isla',224,365,'inmigración','convivencia','amistad','solidaridad'),(813,20,'978-84-608-3717-6','mujeres',667,575,'mujeres','feminismo','biografías',NULL),(814,20,'978-84-944291-5-6','el armario chino',225,205,'muebles','misterio',NULL,NULL),(815,20,'978-84-675-8614-5','los protectores',668,576,'amistad','acoso en la escuela','relaciones sociales',NULL),(816,20,'978-84-16290-74-1','marcelín',669,577,'amistad',NULL,NULL,NULL),(817,20,'978-84-943878-4-5','la niña de muy lejos',670,578,'soledad','sentimientos',NULL,NULL),(818,9,'978-84-617-4917-1','martín',671,579,'autismo','amistad','sentimientos','educación especial'),(819,9,'978-84-15518-63-1','el sexto sentido',672,432,'sentimientos','sentidos','crecimiento personal',NULL),(820,9,'978-84-16427-14-7','exit: libro de laberintos',673,580,'percepción visual','libros-juego',NULL,NULL),(821,9,'978-84-261-4230-6','¡mira al cielo!',674,581,'astronomía','astronáutica','ciencia',NULL),(822,9,'978-84-945971-2-1','sin agua y sin pan',675,349,'refugiados','inmigración','tolerancia','convivencia'),(823,9,'978-84-8464-282-4','las pescadoras',512,582,'mar','hospitalidad','cuentos populares',NULL),(824,9,'978-84-945709-1-9','cuando floreció la risa',676,583,'sexualidad','leyendas','alegría',NULL),(825,9,'978-84-944172-4-5','¿qué soñarán las camas?',456,584,'sueño','noche',NULL,NULL),(826,9,'978-84-946013-6-1','las niñas o cómo suceden las cosas',456,504,'niñas','libertad','imaginación',NULL),(827,9,'978-84-16578-58-0','nada de nada',677,585,'ciudades','relación con la naturaleza','crítica social',NULL),(828,9,'978-84-945038-8-7','la gota moja a la gata maja',678,445,'lenguaje','juegos de ingenio','libros-juego',NULL),(829,9,'978-84-946650-4-2','pequeño gato nocturno',679,379,'amor a los animales','protección de animales','música','generosidad'),(830,9,'978-84-946333-2-4','¿qué le pasa a uma?',408,355,'acoso en la escuela','aceptación','discriminación',NULL),(831,9,'978-84-246-6048-2','refugiada: la odisea de una familia',680,586,'refugiados','guerra',NULL,NULL),(832,9,'978-84-488-4689-3','la muñeca olvidada',681,587,'muñecos','amistad','celos','miedo - sentimientos'),(833,9,'978-84-8464-267-1','poemas de la oca loca',682,588,'rimas','humor',NULL,NULL),(834,9,'978-84-261-4396-9','espera, miyuki',683,589,'primavera','crecimiento personal',NULL,NULL),(835,9,'978-84-8343-508-3','rurrú camarón: bestiario poético latinoamericano',684,590,'animales','cultura popular','literatura hispanoamericana',NULL),(836,9,'978-84-261-4224-5','barriga de ballena',685,591,'ballenas','imaginación','aventuras en el mar',NULL),(837,9,'978-84-944294-2-2','el ratón y la montaña',686,592,'guerra','pobreza','cooperación','cuentos populares'),(838,9,'978-84-9002-091-3','tarturro, el burro poeta',687,593,'burros','humor',NULL,NULL),(839,9,'978-84-16394-38-8','la niña de los libros',688,594,'literatura','imaginación',NULL,NULL),(840,9,'978-84-261-4419-5','armstrong: el increíble viaje de un ratón a la luna',537,467,'viajes espaciales','aventureros','ratones','luna'),(841,9,'978-84-15208-96-9','soy la muerte',689,595,'muerte','vida','sentimientos',NULL),(842,9,'978-607-527-079-1','un lobito muy educado',690,596,'cortesía','humor','supervivencia','lobos'),(843,9,'978-84-8464-280-0','el libro de los guarripios',691,597,'cerdos','humor','imaginación',NULL),(844,9,'978-84-16817-13-9','querida tía agatha',692,427,'fantasía','imaginación','cartas','relaciones familiares'),(845,9,'978-84-9122-251-4','salvemos al elefante',209,598,'animales','cooperación',NULL,NULL),(846,9,'978-607-527-087-6','regreso a casa',693,599,'vida cotidiana','vida urbana','noche',NULL),(847,9,'978-84-943797-1-0','hoy me siento...: de la a a la z',694,600,'abecedarios','sentimientos',NULL,NULL),(848,9,'978-84-946506-6-6','una familia salvaje',695,601,'familia','animales',NULL,NULL),(849,9,'978-84-16147-78-6','el mapa de los buenos momentos',696,377,'emigración','guerra','sentimientos',NULL),(850,9,'978-956-9569-08-1','los tres manzanos',697,602,'manzanos','estaciones del año','tiempo',NULL),(851,9,'978-84-261-4395-2','el guardián del árbol',698,603,'cuentos orientales','simbolismo','pintura modernista','klimt, gustav'),(852,9,'978-980-257-383-7','búscame',699,604,'animales','percepción visual','libros-juego',NULL),(853,9,'978-84-8464-268-8','una última carta',700,605,'cartas','profesiones','recuerdos','sentimientos'),(854,9,'978-84-16507-63-4','astrid bromuro: cómo aniquilar al ratoncito pérez',701,606,'dientes','ratones','publicidad',NULL),(855,9,'978-84-16003-83-9','podrías',702,252,'niños','refugiados','guerra','solidaridad'),(856,9,'978-84-16721-07-8','las alas del avecedario',138,70,'aves','abecedarios',NULL,NULL),(857,9,'978-607-735-919-7','había una tribu',362,317,'naturaleza','relación niño-animal','búsqueda de la propia identidad',NULL),(858,9,'978-84-8464-295-4','matilde',703,607,'imaginación','pintores','creación artística','animales fantásticos'),(859,9,'978-84-696-0639-1','el soplador de sueños',704,608,'sueño','artesanos','aprendizaje',NULL),(860,9,'978-84-945769-8-0','caja: la fabulosa historia de mateo y su amigo de cartón',705,609,'aventuras','misterio','imaginación',NULL),(861,9,'978-84-16427-12-3','lon po po: la versión china de caperucita roja',706,610,'valentía','astucia','cuentos populares','cuentos orientales'),(862,21,'978-84-675-9194-1','cómo arreglar un libro mojado',2,611,'amistad','diarios','protección de animales','relaciones familiares'),(863,21,'978-987-1374-79-3','el secreto de borges',707,612,'imaginación','cuentos',NULL,NULL),(864,21,'978-84-246-5835-9','crenshaw: el gato invisible',708,NULL,'relaciones familiares','crisis económicas','crítica social',NULL),(865,21,'978-84-16287-99-4','la esposa del conejo blanco',709,613,'cuentos clásicos','relaciones familiares','relaciones de pareja',NULL),(866,21,'978-84-946320-0-6','aventuras y esventuras de los alimentos que cambiaron el mundo',710,598,'alimentos','ecología','historia',NULL),(867,21,'978-84-16588-18-3','el zorro y la estrella',711,614,'crecimiento personal','miedo - sentimientos','amistad',NULL),(868,21,'978-84-140-0944-4','el islote de los perros',712,615,'aventuras','convivencia','protección de animales',NULL),(869,21,'978-84-488-4737-1','el jardín de los sentimientos',713,616,'sentimientos','abecedarios',NULL,NULL),(870,21,'978-84-946506-3-5','un mundo propio',714,617,'imaginación','creatividad',NULL,NULL),(871,21,'978-84-16830-54-1','¡vikingos!',715,618,'vikingos','historia','cultura','curiosidades'),(872,21,'978-84-675-9270-2','la película de la vida',716,414,'crisis económicas','relaciones familiares',NULL,NULL),(873,21,'978-607-745-373-4','corona, pascuala',717,619,'cuentos populares','narración oral','méxico',NULL),(874,21,'978-84-945857-1-5','jasón y los argonautas',718,620,'aventuras','viajes','mitología griega','personajes fantásticos'),(875,21,'978-84-140-0627-6','el pueblo durmiente',435,111,'encantamientos','príncipes','cuentos clásicos',NULL),(876,21,'978-84-675-9074-6','loco por los tiburones',646,560,'tiburones','ecología','conocimiento de los animales',NULL),(877,21,'978-84-140-0630-6','monstruario',719,621,'monstruos','personajes fantásticos','personajes mitológicos',NULL),(878,21,'978-84-16830-04-6','perros & gatos bajo la lupa de los científicos',720,622,'perros','gatos','conocimiento de los animales',NULL),(879,21,'978-84-944306-9-5','arrecife y la fábrica de melodías: fantasía en sol sostenido',721,623,'mujeres','música','aventuras','fantasía'),(880,21,'978-84-946506-7-3','el jardín maléfico',279,245,'surrealismo','humor','miedo',NULL),(881,21,'978-84-16427-09-3','hija única',722,624,'soledad','fantasía','imaginación',NULL),(882,21,'978-84-16290-88-8','los imaginarios',723,625,'amigos imaginarios','imaginación','miedo',NULL),(883,21,'978-84-945888-3-9','los cuentos del erizo: y otros cuentos de las mujeres del sáhara',494,429,'animales','narración oral','cuentos populares',NULL),(884,21,'978-84-8343-510-6','la odisea de ollie',468,626,'joyce, william',NULL,NULL,NULL),(885,21,'978-84-16830-69-5','los bandídez',724,NULL,'aventuras','humor','secuestros','relaciones familiares'),(886,21,'978-84-945735-7-6','es tu turno, adrián',725,627,'relación niño-animal','imaginación','crecimiento personal','perros'),(887,21,'978-84-15518-66-2','jatakas: seis cuentos budistas',726,70,'cuentos orientales','budismo','crecimiento personal',NULL),(888,21,'978-84-16690-31-2','debajo de la tierra. debajo del agua',657,568,'conocimiento de la naturaleza','medio ambiente','geología','océanos'),(889,21,'978-84-16817-09-2','piratas del mar helado',727,628,'amistad','familia','aventuras','búsqueda de la propia identidad'),(890,21,'978-84-9801-997-1','wangari maathai: la mujer que plantó millones de árboles',728,173,'mujeres','ecología','derechos humanos','biografías'),(891,21,'978-84-9871-533-0','lápices primos',451,285,'fantasía','humor','surrealismo','lenguajes simbólicos'),(892,21,'978-84-8464-303-6','agni y la lluvia',729,172,'trabajo infantil','derechos de la infancia','pobreza','relaciones familiares'),(893,21,'978-84-945063-7-6','los cuadernos de esther: historias de mis 10 años',730,629,'vida cotidiana','crecimiento personal','relaciones familiares','relaciones personales'),(894,21,'978-84-8464-245-9','la ventana de kenny',481,417,'sueño','miedos infantiles',NULL,NULL),(895,21,'978-607-16-3767-3','el bosque dentro de mí',397,345,'búsqueda de la propia identidad','naturaleza',NULL,NULL),(896,21,'978-84-16167-44-9','pequeño vampir',731,630,'vampiros','amistad','aventuras',NULL),(897,21,'978-84-8464-275-6','leocadio, un león de armas tomar',556,485,'animales','cazadores','circos','crítica social'),(898,21,'978-84-16690-06-0','abejas',732,631,'abejas','medio ambiente','naturaleza','curiosidades'),(899,21,'978-84-16830-07-7','heidi',733,383,'amistad','relación abuelos-nietos','amor a la naturaleza','vida rural'),(900,21,'978-84-16721-10-8','arroz con leche',734,632,'mujeres','recuerdos','vida cotidiana',NULL),(901,21,'978-84-16490-33-2','mi abuela, la loca',735,633,'relación abuelos-nietos','humor',NULL,NULL),(902,21,'978-84-15920-96-0','la leyenda de sally jones',736,634,'aventuras','amistad','protección de animales',NULL),(903,21,'978-84-946035-4-9','atlas de aventuras animales',737,635,'animales','conocimiento de la naturaleza','atlas',NULL),(904,10,'978-84-947304-1-2','a veces me aburro',608,395,'imaginación','transformaciones','tiempo libre',NULL),(905,10,'978-84-8470-568-0','el árbol de navidad del señor viladomat',738,636,'navidad','árboles','reciclaje',NULL),(906,10,'978-84-679-2706-1','como pez fuera del agua',739,637,'miedos infantiles','emociones','ansiedad','superación'),(907,10,'978-84-16003-92-1','sobre un rayo de luz: una historia de albert einstein',515,638,'científicos','biografías','einstein, albert 1879-1955',NULL),(908,10,'978-84-947284-3-3','vacaciones',172,158,'vacaciones','amistad','relación abuelo-nietos',NULL),(909,10,'978-84-16578-86-3','el mar',406,639,'mar','vacaciones','naturaleza','imaginación'),(910,10,'978-84-16003-90-7','la llamada de la ciénaga',175,640,'adopción','familia','búsqueda de la propia identidad',NULL),(911,10,'978-84-16167-52-4','yôkai',740,474,'relación con la naturaleza','animales fantásticos',NULL,NULL),(912,10,'978-84-16578-92-4','la espera',741,641,'pájaros','infancia','libertad','relación con los animales'),(913,10,'978-84-17151-34-8','las aventuras del mono pipí',742,68,'monos','animales','travesuras',NULL),(914,10,'978-84-16394-77-7','el grotlin',743,642,'miedos infantiles','libertad','derechos de los animales','misterio'),(915,10,'978-84-16830-65-7','la huida de peggy sue',570,62,'vacas','amistad','viajes','derechos de los animales'),(916,10,'978-84-16427-17-8','más allá',744,432,'muerte','religiones',NULL,NULL),(917,10,'978-84-17074-15-9','declaración universal de los derechos humanos',745,643,'derechos humanos','libertad','igualdad','pacifismo'),(918,10,'978-84-17059-21-7','el libro de gloria fuertes para niñas y niños',682,394,'poesías infantiles','biografías','fuertes, gloria 1918-1998','cuentos'),(919,10,'978-84-947284-1-9','finn y sep: el laberinto de los gnomos',746,644,'personajes fantásticos','aventuras','libros-juego',NULL),(920,10,'978-84-947431-5-3','el día que baldomero robó el sol',466,405,'mujeres','pobreza','cooperación',NULL),(921,10,'978-84-17454-01-2','la abuela z',747,645,'relación abuela-nietos','aburrimiento','imaginación',NULL),(922,10,'978-84-947284-1-9','una casa grande, un vestido rojo y más de cien palomas',748,291,'infancia','amistad','estaciones del año','relación con la naturaleza'),(923,10,'978-84-17308-25-4','la asombrosa y verdadera historia de un ratón llamado pérez',494,127,'dientes','animales humanizados','infancia','cuentos populares'),(924,10,'978-84-16003-81-5','nueve formas de no pisar un charco',749,641,'lluvia','infancia','imaginación','juegos al aire libre'),(925,10,'978-84-696-2355-8','todo empieza con una semilla',750,646,'árboles','conocimiento de la naturaleza',NULL,NULL),(926,10,'978-84-9065-433-0','pequeños grandes gestos por la ciencia',751,647,'descubrimientos científicos','científicos','biografías',NULL),(927,10,'978-84-16544-79-0','en busca de lo salvaje',752,648,'relación con la naturaleza','tiempo libre',NULL,NULL),(928,10,'978-84-16566-58-7','para abrazar el mar',753,649,'miedo - sentimientos','sentidos','mar',NULL),(929,10,'978-84-17074-13-5','sirenas',754,650,'sirenas','relación abuela-nietos','búsqueda de la propia identidad','diversidad'),(930,10,'978-84-17308-83-4','¿dónde está ana?',755,651,'relación madre-hijos','personalidad','emociones',NULL),(931,10,'978-84-16427-20-8','menotti, nadia',756,582,'árboles','ecología','relación con la naturaleza',NULL),(932,10,'978-84-17059-83-5','esta es anita',757,652,'infancia','lectura','imaginación','cuentos clásicos'),(933,10,'978-84-945204-7-1','la caja de colores',758,333,'colores','leyendas','naturaleza',NULL),(934,10,'978-84-947431-4-6','las tortugas nunca duermen',759,653,'ancianos','juventud','amistad','magia'),(935,10,'978-84-17383-02-2','malo',760,315,'animales','travesuras','humor',NULL),(936,10,'978-84-140-1057-0','hijo de dragones',595,654,'dragones','valentía','aventuras','búsqueda de la propia identidad'),(937,10,'978-84-261-4497-3','el cartero del espacio',761,655,'aventuras espaciales','carteros','relaciones personales','humor'),(938,10,'978-84-261-4500-0','björn: seis historias de un oso',350,305,'osos','animales','amistad','consumismo'),(939,10,'978-84-8464-368-5','¿por qué?',762,656,'guerra','pacifismo','envidia',NULL),(940,10,'978-84-16985-05-0','fuerte, suave, murmurado',763,657,'sonido','ruidos','comunicación','aprendizaje'),(941,10,'978-84-9065-447-7','georgia o\'keeffe',764,574,'pintura modernista','biografías','arte contemporáneo','o\'keeffe, georgia 1887-1986'),(942,10,'978-84-946308-5-9','música alrededor',765,658,'música','océano','naturaleza','creación artística'),(943,10,'978-84-17059-34-7','irene la valiente',766,659,'valentía','superación','relación madre-hijos',NULL),(944,10,'978-956-9569-15-9','roland',767,434,'imaginación','infancia','juegos','dibujo'),(945,10,'978-84-9107-262-1','el secreto de la roca negra',768,660,'mujeres','superación','aventuras','defensa de la naturaleza'),(946,10,'978-84-261-4474-4','el zorro y el aviador',769,535,'zorros','relación con los animales','amistad','cuentos clásicos'),(947,10,'978-84-8464-346-3','allumette',770,661,'solidaridad','crítica social','navidad','cuentos clásicos'),(948,10,'978-84-675-9740-0','la manzana de magritte',423,373,'pintura surrealista','biografías','arte contemporáneo','magritte, rené 1898-1967'),(949,10,'978-84-16287-13-0','profesión: cocodrilo',771,662,'cocodrilos','profesiones','vida cotidiana','humor'),(950,10,'978-84-261-4492-8','el gran libro del mar',772,663,'océano','animales marinos','conocimiento de la naturaleza','defensa de la naturaleza'),(951,22,'978-84-8343-546-5','nasario',453,523,'crecimiento personal','aventuras','viajes','superación'),(952,22,'978-84-8464-386-9','ciudades',773,664,'ciudades','vida cotidiana',NULL,NULL),(953,22,'978-84-947734-2-6','la entrada de cristo en bruselas',774,665,'fiestas','pintura','obras de arte','ensor, james 1860-1949'),(954,22,'978-84-698-0885-6','elio: una historia animatográfica',372,77,'cine','inventos','adopción',NULL),(955,22,'978-956-9569-10-4','el jardín',775,442,'jardines','relación con la naturaleza',NULL,NULL),(956,22,'978-84-947284-6-4','herbario',514,444,'botánica','plantas','flores','frutas'),(957,22,'978-84-17108-16-8','supersorda',776,666,'sordos','discapacidad','superación','humor'),(958,22,'978-84-17074-02-9','piensa y crea como un artista',777,667,'manualidades','creación artística','tiempo libre','libros-juego'),(959,22,'978-84-947159-7-6','el bosque',778,668,'bosques','crecimiento personal','vida','libros móviles'),(960,22,'978-84-948193-8-4','los días pequeños',326,669,'relaciones personales','humor','pueblos - ciudades','sentimientos'),(961,22,'978-84-17440-04-6','la gota de agua',779,670,'agua','vida','muerte','filosofía'),(962,22,'978-84-15518-76-1','la escuela de haru',780,531,'aprendizaje','cuentos orientales','enseñanza','crecimiento personal'),(963,NULL,'978-84-948567-0-9','el nube blanca',781,NULL,'enfermedades mentales','relación abuela-nietos','ancianos',NULL),(964,22,'978-84-675-9357-0','loco por los felinos',646,560,'felinos','ecología','protección de los animales',NULL),(965,22,'978-84-17128-15-9','cien pasos para volar',782,NULL,'ciegos','superación','protección de los animales','relación con la naturaleza'),(966,22,'978-84-675-9456-0','odd y los gigantes de escarcha',783,436,'aventuras','crecimiento personal','vikingos','mitología nórdica'),(967,22,'978-84-698-4641-4','poemar el mar',784,240,'mar','imaginación','poesías infantiles',NULL),(968,22,'978-84-17137-06-9','hipatia: la gran maestra de alejandría',785,671,'científicos','mujeres','hipatia ca. 370-415','biografías'),(969,22,'978-84-261-4456-0','azadah',786,672,'derechos de la infancia','guerra','libertad','superación'),(970,22,'978-84-17108-59-5','árboles',787,631,'árboles','defensa de la naturaleza','conocimiento de la naturaleza','ecología'),(971,22,'978-84-947304-4-3','cómo meter una ballena en una maleta',624,349,'refugiados','emigración','guerra','pobreza'),(972,22,'978-84-17059-22-4','tristán encoge',788,245,'transformaciones','vida cotidiana','relaciones familiares',NULL),(973,22,'978-84-140-1136-2','¿qué sabes de federico?',789,204,'miedos infantiles','imaginación','garcía lorca, federico 1898-1936','superación'),(974,22,'978-956-9569-11-1','afuera',790,673,'crecimiento personal','relaciones sociales',NULL,NULL),(975,22,'978-84-947284-8-8','ola azul',791,674,'avaricia','caballos','guerra','cuentos orientales'),(976,22,'978-84-9107-338-3','brujaveleta',792,675,'brujas','poesías infantiles','relación abuelo-nietos',NULL),(977,22,'978-84-17115-48-7','los liszt',543,426,'absurdo','relaciones familiares',NULL,NULL),(978,22,'978-84-698-3601-9','apestoso tío muffin',207,559,'suciedad','miedo - sentimientos','superación','autoestima'),(979,22,'978-84-16817-23-8','pájaro',692,427,'vuelo','transformaciones','fantasía',NULL),(980,22,'978-84-16817-18-4','el alquimista de la luz',472,411,'superación','profesiones','arte medieval',NULL),(981,22,'978-84-947734-3-3','en el bosque',793,37,'fantasía','imaginación','bosques','libros-juego'),(982,22,'978-84-140-1078-5','la cabra montés y yo: una fugaz historia de amor',794,676,'cabras','amor a los animales','animales en peligro de extinción',NULL),(983,22,'978-84-9743-817-9','24 señales para descubrir a un alien',795,632,'infancia','violencia','conflictos familiares',NULL),(984,22,'978-84-945984-3-2','la sociedad de los dragones de té',796,677,'dragones','aventuras','mundos fantásticos',NULL),(985,22,'978-84-16830-43-5','corazones de gofre',662,377,'amistad','relaciones familiares','travesuras','pueblos - ciudades'),(986,22,'978-607-165106-8','esto que brilla en el aire',797,678,'naturaleza','imaginación','poesías infantiles',NULL),(987,22,'978-84-16427-18-5','intrépidas: los excepcionales viajes de 25 exploradores',798,679,'exploradores','superación','mujeres','biografíasº'),(988,22,'978-84-910-7634-6','la niña invisible',221,394,'mujeres','igualdad','superación','aventuras'),(989,22,'978-84-948439-1-4','en construcción',799,197,'arquitectura','diseño',NULL,NULL),(990,22,'978-84-261-4480-5','las ideas de ada',800,680,'informática','científicos','biografías','lovelace, ada 1815-1852'),(991,22,'978-84-488-4938-2','el lagarto',801,681,'lagartos','miedo','pacifismo','fantasía'),(992,22,'978-84-947304-2-9','las hadas de cottingley',802,682,'hadas','imaginación','infancia',NULL),(993,22,'978-84-8464-375-3','cara de velocidad',803,361,'infancia','imaginación','poesías infantiles',NULL),(994,22,'978-84-17308-13-1','la chispeante magia de penélope',804,NULL,'magia','aventuras',NULL,NULL),(995,22,'978-84-140-1583-4','¡corre kuru, corre!',166,70,'emigración','diversidad','solidaridad',NULL),(996,11,'978-84-947555-3-8','rumba: la jirafa que volaba al bostezar',805,683,'relación abuelos-nietos','muerte',NULL,NULL),(997,11,'978-84-16544-92-9','el señor arquitecto y los animales del bosque',806,684,'arquitectura','convivencia',NULL,NULL),(998,11,'978-84-16544-91-2','natcha',807,685,'naturaleza','viajes iniciáticos',NULL,NULL),(999,11,'978-84-8464-453-8','bichopoemas y otras bestias',808,686,'animales',NULL,NULL,NULL),(1000,11,'978-84-17552-21-3','el violín de patrick',7,9,'fábulas','fantasía','música',NULL),(1001,11,'978-968-16-4272-3','zoológico',325,284,'derechos de los animales','familia',NULL,NULL),(1002,11,'978-84-947462-9-1','un gran perro',175,103,'crecimiento personal','profesiones',NULL,NULL),(1003,11,'978-84-16287-39-0','el marinero del canal de suez',809,687,'supervivencia','marineros',NULL,NULL),(1004,11,'978-84-947555-2-1','colibrí',810,688,'aves',NULL,NULL,NULL),(1005,11,'978-84-17074-63-0','el oso polar',619,536,'osos polares',NULL,NULL,NULL),(1006,11,'978-84-17074-63-0','el camino de la montaña',811,689,'amistad','convivencia','naturaleza',NULL),(1007,11,'978-84-17555-13-9','las cosas por su nombre',812,690,'lenguaje',NULL,NULL,NULL),(1008,11,'978-84-948439-2-1','de una pequeña mosca azul',813,691,'naturaleza','humor',NULL,NULL),(1009,11,'978-84-9743-835-3','historia de un pulóver azul',814,523,'relación abuelos-nietos','muerte','recuerdos',NULL),(1010,11,'978-84-17708-36-8','en el jardín',815,692,'jardinería',NULL,NULL,NULL),(1011,11,'978-84-949109-0-6','un amigo inesperado',816,693,'relación persona-animal','amistad',NULL,NULL),(1012,11,'978-84-8464-460-6','tarde en el acuario',466,694,'adivinanzas','animales acuáticos','mundo submarino',NULL),(1013,11,'978-84-948848-5-6','las mil y una formas de la naturaleza',817,695,'geometría','animales','plantas',NULL),(1014,11,'978-84-948848-9-4','mi vida de abeja',818,163,'abejas','miel',NULL,NULL),(1015,11,'978-84-16427-22-2','real o imaginario',651,563,'biología','animales',NULL,NULL),(1016,11,'978-84-261-4579-6','edison: dos ratones en busca de un tesoro',537,467,'aventuras','océanos','personajes históricos',NULL),(1017,11,'978-84-140-2329-7','himbu, el pequeño pintor',819,696,'arte','colores',NULL,NULL),(1018,11,'978-84-8464-452-1','cornelio',820,697,'diversidad','superación',NULL,NULL),(1019,11,'978-84-683-4118-7','detrás de las nubes',821,698,'amistad','tolerancia','diversidad',NULL),(1020,11,'978-84-261-4565-9','¡que empiece el espectáculo!',822,699,'dictadura','libertad',NULL,NULL),(1021,11,'978-84-948859-8-3','la caimana',823,311,'cocodrilos','mascotas','relación persona-animal',NULL),(1022,11,'978-84-16817-40-5','el truco más asombroso del mundo',692,700,'magia','imaginación',NULL,NULL),(1023,11,'978-84-17440-29-9','mi abuelo pirata',824,377,'narración oral','enfermedades','relación abuelos-nietos',NULL),(1024,11,'978-84-683-4074-6','¡la fantástica gum girl! masca tu destino',825,701,'superheroínas',NULL,NULL,NULL),(1025,11,'978-84-17424-59-6','érase una pez: pequeños poemas para niños grandes',826,702,'vida cotidiana',NULL,NULL,NULL),(1026,11,'978-84-947555-0-7','migue hace un libro',827,703,'libros','tiempo libre',NULL,NULL),(1027,11,'978-84-17440-15-2','¿por qué lloramos?',629,682,'sentimientos',NULL,NULL,NULL),(1028,11,'978-84-16733-45-3','el último árbol',828,704,'árboles','medio ambiente','naturaleza',NULL),(1029,11,'978-84-949117-9-8','nariz roja',829,705,'alegría',NULL,NULL,NULL),(1030,11,'978-84-17115-85-2','mi miedo y yo',633,548,'miedo - sentimientos','inmigración',NULL,NULL),(1031,11,'978-956-9569-12-8','el gato que vivió un millón de vidas',830,706,'amor','egoismo','muerte',NULL),(1032,11,'978-84-8470-597-0','¿normal?',831,707,'diversidad','tolerancia',NULL,NULL),(1033,11,'978-84-16566-81-5','la gata y la luna',75,708,'amor','luna',NULL,NULL),(1034,11,'978-84-17552-23-7','silvestre y la piedra mágica',766,659,'fábulas','deseos',NULL,NULL),(1035,11,'978-84-16544-93-6','el libro de los pájaros',832,709,'aves',NULL,NULL,NULL),(1036,11,'978-84-17374-23-5','yo y el mundo: una historia infográfica',365,710,'geografía humana','infografías','países',NULL),(1037,11,'978-84-17222-47-5','manual para superhéroes: el libro mágico',833,711,'acoso en la escuela','superhéroes',NULL,NULL),(1038,11,'978-84-16817-52-8','vendel, edward van de',834,712,'fútbol','relación persona-animal',NULL,NULL),(1039,11,'978-84-16817-45-0','al sur',835,713,'viajes iniciáticos','búsqueda de la propia identidad',NULL,NULL),(1040,11,'978-84-17860-23-3','dame un abrazo',836,714,'relación padre-hijos','amor','animales del bosque',NULL),(1041,11,'978-84-947735-1-8','ser o no ser...una manzana',837,715,'imaginación','humor',NULL,NULL),(1042,11,'978-84-17454-58-6','la increíble conquista del mont blanc',838,716,'alpinismo','saussure, horace-benédict de 1740-1799','biografías',NULL),(1043,23,'978-84-16712-74-8','la niña que salvó los libros',839,717,'bibliotecas','libros',NULL,NULL),(1044,23,'978-84-9743-854-4','el árbol de los deseos',708,718,'árboles','convivencia','naturaleza',NULL),(1045,23,'978-84-16427-23-9','kami y las nueve colas',840,377,'animales','naturaleza','superación',NULL),(1046,23,'978-84-17115-90-6','mary, que escribió frankenstein',841,426,'shelley, mary wollstonecraft 1797-1851','frankenstein - personaje de ficción','biografías',NULL),(1047,23,'978-84-17708-25-2','el hilo de ariadna: mitos y laberintos',842,719,'laberintos','mitología',NULL,NULL),(1048,23,'978-84-9838-899-2','el viaje al país del hielo',843,720,'expediciones','compañerismo','aventuras',NULL),(1049,23,'978-84-9142-280-8','el refugio de los versos',844,721,'infancia','refugiados',NULL,NULL),(1050,23,'978-84-17383-17-6','un mar de plásticos',845,722,'ecología','medio ambiente','océanos',NULL),(1051,23,'978-84-17555-14-6','contar',326,665,'narración oral',NULL,NULL,NULL),(1052,23,'978-84-17761-33-2','la liebre que se burló de nosotros',846,723,'animales',NULL,NULL,NULL),(1053,23,'978-84-17188-66-5','el gato negro mala bestia y salvaje',847,724,'gatos','libertad','relación persona-animal',NULL),(1054,23,'978-84-948567-1-6','el escalón de hojalata',781,725,'superación','diversidad',NULL,NULL),(1055,23,'978-84-698-4830-2','poemas para leer a troche y moche',186,57,'canciones','trabalenguas',NULL,NULL),(1056,23,'978-84-261-4559-8','atlas: ¿cómo funciona el mundo?',848,726,'geografía','medio ambiente','derechos humanos',NULL),(1057,23,'978-84-17651-34-3','victoria sueña',849,523,'adolescencia','crecimiento personal','lectura',NULL),(1058,23,'978-84-8464-433-0','versos y viceversos',850,299,'sentimientos',NULL,NULL,NULL),(1059,23,'978-84-8464-454-5','¡a la luna, a las dos y a las tres...!',851,363,'adivinanzas','canciones','juegos',NULL),(1060,23,'978-84-17383-21-3','la vida amorosa de los animales',649,412,'animales','reproducción animal',NULL,NULL),(1061,23,'978-84-17108-70-0','ríos: un largo viaje por mares, lagos y ríos',746,644,'geografía','ecología','naturaleza',NULL),(1062,23,'978-84-679-3341-3','la historia de atenea',852,727,'mitología','aventuras',NULL,NULL),(1063,23,'978-84-17708-14-6','océano',853,728,'fauna marina','flora marina','océanos',NULL),(1064,23,'978-84-946320-7-5','y rieron los malos: fábulas amorales',854,729,'fábulas','ética','moral',NULL),(1065,23,'978-84-679-3340-6','la amistad de un oso y otros cuentos persas',855,344,'fábulas',NULL,NULL,NULL),(1066,23,'978-84-08-18406-5','agua',856,730,'medio ambiente','naturaleza',NULL,NULL),(1067,23,'978-84-140-1667-1','empieza por a',857,731,'alzheimer','relación abuelos-nietos','enfermedades',NULL),(1068,23,'978-84-16544-89-9','la increíble vida de los paisajes',858,732,'paisajes','geología','geografía',NULL),(1069,23,'978-84-8464-478-1','el lobo de arena',859,733,'conflictos familiares','relación padre-hijos',NULL,NULL),(1070,23,'978-84-17454-52-4','manual del terror',295,68,'monstruos','miedo',NULL,NULL),(1071,23,'978-84-698-4860-9','cuenta nueve estrellas',860,734,'aventuras','ciencia ficción',NULL,NULL),(1072,23,'978-84-16817-47-4','amaryllis',861,735,'naturaleza','plantas','viajes iniciáticos',NULL),(1073,23,'978-84-683-4270-2','los números felices',755,736,'amistad','familia','números',NULL),(1074,23,'978-84-17761-21-9','el gran libro de la luna',862,737,'astonautas','luna','viajes espaciales',NULL),(1075,23,'978-84-948765-8-5','varvara: el cuaderno de bitácora de una ballena',863,669,'ballenas','animales acuáticos',NULL,NULL),(1076,23,'978-84-17651-33-6','el último dragón y otros cuentos',864,411,'dragones','aventuras',NULL,NULL),(1077,23,'978-84-17440-21-3','parco',865,349,'méxico','muerte','sentimientos',NULL),(1078,23,'978-84-9182-672-9','los escribidores de cartas',58,703,'cartas','redes sociales',NULL,NULL),(1079,23,'978-84-17128-86-9','max einstein: un experimento genial',866,738,'ciencia','diversidad',NULL,NULL),(1080,23,'978-84-9743-858-2','rigo y roque',760,315,'amistad','compañerismo',NULL,NULL),(1081,23,'978-84-949830-0-9','la bicicleta amarilla',867,739,'amor paterno','reciclaje',NULL,NULL),(1082,23,'978-84-17424-92-3','en las estrellas',868,740,'astronomía','estrellas','firmamento',NULL),(1083,23,'978-84-17222-31-4','charles darwin: el origen de las especies',869,741,'darwin, charles - 1809-1882','evolución','ciencias naturales','biografías'),(1084,23,'978-84-9122-273-6','¿duermen los peces?',870,129,'muerte','recuerdos','familia',NULL),(1085,23,'978-84-17555-15-3','lo llamamos manolito',67,64,'diversidad','búsqueda de la propia identidad','humor',NULL),(1086,23,'978-84-16985-11-1','veo el mundo',763,657,'ciencia','sentidos',NULL,NULL),(1087,23,'978-84-261-4585-7','el viaje del calígrafo',871,742,'diversidad cultural','viajes',NULL,NULL),(1088,23,'978-84-174923-9-7','frida kahlo',872,743,'kahlo, frida 1907-1945','mujeres','arte contemporáneo','biografías'),(1089,23,'978-84-8343-574-8','pepi gal: andanzas de una niña curiosa',873,744,'diversidad','aventuras',NULL,NULL),(1090,12,'978-84-120807-0-4','policias y ladrones',874,745,'policias','robos','humor',NULL),(1091,12,'978-84-17303-52-5','prohibido prohibir',875,349,'criticia social','niños','relación niño-adulto',NULL),(1092,12,'978-84-949276-9-0','la búsqueda de colette',876,163,'animales domésticos','mentiras','amistad',NULL),(1093,12,'978-84-679-3550-9','la maceta encantada',877,746,'vacaciones','familia','naturaleza',NULL),(1094,12,'978-84-17303-48-8','historia de un hoyo',878,747,'convivencia','relación con la naturaleza',NULL,NULL),(1095,12,'978-84-16427-39-0','senda',879,748,'naturaleza','animales','paisajes','imaginación'),(1096,12,'978-84-16427-39-0','uno, un millón',880,749,'animales','conducta animal','enciclopedias',NULL),(1097,12,'978-84-947237-4-2','martín chirino',881,750,'chirino, martín 1925-2019','escultores','biografías',NULL),(1098,12,'978-84-17374-71-6','la vida secreta de los virus',882,751,'virus','enfermedades','epidemias','higiene'),(1099,12,'978-84-9838-993-7','la trenza o el viaje de lalita',883,752,'educación','castas','esperanza','costumbres'),(1100,12,'978-84-9838-993-7','¿cómo se hace un bebé?',884,753,'sexualidad','nacimiento','sexo',NULL),(1101,12,'978-84-17552-73-2','cuentos de fantasmas del abuelo',885,754,'aventuras','fantasmas','miedo',NULL),(1102,12,'978-84-121033-4-2','en busca de la flor mildestellos dorada',886,755,'naturaleza','exploradores','botánica','investigación científica'),(1103,12,'978-84-17708-70-2','un oso a contrarreloj',887,756,'tiempo','relojes','humor','cambios'),(1104,12,'978-84-17137-43-4','hogar',888,757,'contaminación','medio ambiente','plásticos','océanos'),(1105,12,'978-84-120475-9-2','ovejitas negras',889,758,'infancia',NULL,NULL,NULL),(1106,12,'978-84-120475-9-2','el carnaval de los animales',890,759,'animales','música instrumental','carnavales',NULL),(1107,12,'978-84-17736-73-6','la casita bajo tierra: cosecha de amigos',440,760,'superación','amistad','cooperación',NULL),(1108,12,'978-84-8470-619-9','el gran libro verde',891,417,'al',NULL,NULL,NULL),(1109,12,'978-84-18128-28-8','el gran viaje de las familias extraordinarias',892,761,'familia','diversidad',NULL,NULL),(1110,12,'978-84-17622-99-2','compota de manzana para el mal de amores',337,294,'amistad','crítica social','recetas de cocina',NULL),(1111,12,'978-84-17800-59-8','ane mona y hulda',893,762,'mitología','homosexualidad','naturaleza',NULL),(1112,12,'978-84-18187-22-3','un día con mus',894,763,'animales humanizados','convivencia','aficiones','amistad'),(1113,12,'978-84-9122-382-5','sapo y sepo',691,597,'amistad','imaginación','vida cotidiana','animales humanizados'),(1114,12,'978-84-17617-55-4','¿adónde vamos cuando desaparecemos?',895,764,'muerte','sentimientos',NULL,NULL),(1115,12,'978-84-18067-45-7','el rey del bosque',545,765,'naturaleza','intolerancia','libertad',NULL),(1116,12,'978-84-16427-31-4','trillones de papás noel',896,766,'navidad','papá noel',NULL,NULL),(1117,12,'978-84-16427-31-4','la mano del señor echegaray',897,767,'discapacidad','guerra','superación',NULL),(1118,12,'978-84-949901-6-8','retratos animales',898,768,'animales','animales en peligro de extinción','fotgrafía artística',NULL),(1119,12,'978-84-121407-3-6','soy mar',899,769,'búsqueda de la propia identidad','transformaciones','sueños','imaginación'),(1120,12,'978-84-261-4604-5','caperucita roja',900,72,'cuentos clásicos',NULL,NULL,NULL),(1121,12,'978-84-679-4020-6','amani',901,87,'diversidad','autoestima','aceptación',NULL),(1122,12,'978-84-17708-69-6','la pequeña bruja',310,267,'brujas','aventuras','humor',NULL),(1123,12,'978-84-17575-84-7','avni: animal verdaderamente no identificado',902,770,'humor','vida cotidiana','relaciones personales','personajes fantásticos'),(1124,12,'978-84-120332-3-6','extintos',903,771,'animales en peligro de extinción','naturaleza',NULL,NULL),(1125,12,'978-84-17374-50-1','infinito',904,153,'universo','vida','aprendizaje',NULL),(1126,12,'978-84-18215-06-3','uxio',905,772,'imaginación','infancia','humor',NULL),(1127,12,'978-84-17761-68-4','todos al trabajo',906,773,'i',NULL,NULL,NULL),(1128,12,'978-84-683-4417-1','un amigo como ningún otro',907,774,'amistad','superación','sentimientos',NULL),(1129,12,'978-84-460-5014-8','el gato que buscaba un nombre',908,775,'amor','amistad',NULL,NULL),(1130,12,'978-84-17575-78-6','tigresa contra pesadilla',909,776,'superación','monstruos','imaginación','miedos infantiles'),(1131,12,'978-84-17552-88-6','basil, el ratón superdetective',910,777,'ratones','detectives','londres',NULL),(1132,12,'978-84-16529-85-8','las aventuras de pimpa',911,778,'animales','fantasía','aventuras','imaginación'),(1133,12,'978-84-17294-76-2','cuentos de gamayun: el rey de los pájaros',912,779,'mitología','venganza',NULL,NULL),(1134,12,'978-84-17552-68-8','fábulas de esopo',913,394,'fábulas','animales humanizados',NULL,NULL),(1135,24,'978-84-121753-3-2','yukio, el niño de las olas',914,780,'amor filial','soledad','leyendas',NULL),(1136,24,'978-84-08-20687-3','¡esto es áfrica!',915,781,'áfrica','cultura popular','costumbres','atlas'),(1137,24,'978-84-18128-39-4','tres historias extravagantes',916,782,'relación padre-hijos','brujas','magia',NULL),(1138,24,'978-84-261-4620-5','descubre la arquitectura',917,783,'arquitectura','historia',NULL,NULL),(1139,24,'978-84-17440-64-0','corazón de pájaro',456,784,'lenguaje','naturaleza','creatividad',NULL),(1140,24,'978-84-17651-88-6','las aventuras de la abeja maya',918,365,'abejas','aventuras','crecimiento personal',NULL),(1141,24,'978-84-17956-90-5','historia de la humanidad en viñetas',919,785,'historia','prehistoria','astronomía',NULL),(1142,24,'978-84-16529-77-3','la famosa invasión de los osos en sicilia',920,786,'tiranía','fantasía','animales',NULL),(1143,24,'978-84-120807-1-1','el bote del dr. bombard',712,787,'superación','supervivencia','náufragos',NULL),(1144,24,'978-84-121410-6-1','montañas',880,788,'naturaleza','montañas','animales',NULL),(1145,24,'978-84-17222-67-3','verde',921,184,'búsqueda de la propia identidad','brujas','relación madre-hijos','conflictos familiares'),(1146,24,'978-84-17374-39-6','los monstruos también lloran',271,236,'monstruos','mitos','leyendas',NULL),(1147,24,'978-84-9122-338-2','rodrigo bandido y chiquillo, su escudero',922,789,'amistad','aventuras','familia',NULL),(1148,24,'978-84-949396-8-6','trece días para arreglar a papá',923,790,'fantasía','madurez','amistad','inclusión'),(1149,24,'978-84-17860-92-9','la copa de plomo y oro',30,791,'fantasía','londres','magia',NULL),(1150,24,'978-84-1343-025-6','siete llaves para abrir los sueños',924,792,'literatura','escritores',NULL,NULL),(1151,24,'978-84-1343-048-5','desde 1880',925,793,'urbanismo','librerías',NULL,NULL),(1152,24,'978-84-1343-018-8','arbolidades',926,686,'árboles','botánica','campo','ecología vegetal'),(1153,24,'978-84-946412-9-9','caballos de otros tiempos',927,794,'caballos','historia',NULL,NULL),(1154,24,'978-84-120611-6-1','un milagro para helen',928,795,'superación','lengua de signos','discapacidad','educación especial'),(1155,24,'978-84-16788-86-6','el ratón de biblioteca',929,796,'lectura','libros',NULL,NULL),(1156,24,'978-84-120914-2-7','el kalevala canino',197,182,'aventuras','cuentos populares','leyendas','animales humanizados'),(1157,24,'978-84-17749-33-0','catwings',930,797,'aventuras','gatos','libertad',NULL),(1158,24,'978-84-949885-2-3','bailar',931,349,'baile','danza',NULL,NULL),(1159,24,'978-84-17742-09-6','pippi calzaslargas',497,430,'amistad','familia','valentía','creatividad'),(1160,24,'978-84-17996-68-0','dulce como un pepinillo, limpio como un cerdito',932,798,'animales','naturaleza','humor',NULL),(1161,24,'978-84-18067-43-3','jefferson',447,799,'animales humanizados','derechos de los animales','solidaridad','amistad'),(1162,24,'978-84-683-4881-0','la crónica de ivo cukar',933,800,'emigración','exilio','amistad','integración social'),(1163,24,'978-84-17749-35-4','un millón de ostras en lo alto de la montaña',865,801,'geología','tierra - planeta',NULL,NULL),(1164,24,'978-84-1343-017-1','plasticus maritimus',934,193,'plásticos','contaminación','océanos',NULL),(1165,24,'978-84-140-2197-2','la extraordinaria familia appenzell',595,183,'historia contemporánea','sociedad',NULL,NULL),(1166,24,'978-84-121646-1-9','a lomos de caballo',935,669,'medio ambiente','ecología','contaminación','relación persona-animal'),(1167,24,'978-84-18082-25-2','de rama en rama',936,802,'naturaleza','plantas cultivadas','hortalizas',NULL),(1168,24,'978-84-1343-006-5','érase dos veces el barón lamberto',65,378,'humor','eterna juventud','imaginación',NULL),(1169,24,'978-84-18022-16-6','viaje al pueblo de las treinta señoritas',937,340,'misterio','leyendas','gatos',NULL),(1170,24,'978-84-7774-484-9','clío y la mitología',938,803,'mitología','arte',NULL,NULL),(1171,24,'978-84-120521-5-2','retomar el vuelo',939,NULL,'familia','muerte','duelos',NULL),(1172,24,'978-84-698-5901-8','bichos',361,259,'conocimiento de los animales','naturaleza','aprendizaje',NULL),(1173,24,'978-84-9489-649-1','zoología ilustrada',940,NULL,'zoología','animales','naturaleza',NULL),(1174,24,'978-84-17555-39-9','el libro de los saludos',871,445,'curiosidades','lenguaje','relaciones sociales',NULL),(1175,24,'978-84-140-3085-1','yuelán',941,340,'turandot','amor','matrimonio',NULL),(1176,24,'978-84-17708-68-9','toni o cómo conseguir las ronaldo flash',237,216,'humor','adolescencia','personalidad',NULL),(1177,24,'978-84-17708-47-4','los espeluznantes casos de margo maloo',942,804,'detectives','superhéroes','aventuras','fantasmas'),(1178,24,'978-84-679-3752-7','el teatro del cuerpo humano',943,805,'anatomía humana','teatro','humor gráfico','igualdad'),(1179,24,'978-84-16427-33-8','la curiosa librería',837,715,'librerías','libreros','humor gráfico','lectura'),(1180,5,'978-84-940618-7-5','de mayor quiero ser pequeño',509,440,'imaginación','infancia','sueños',NULL),(1181,5,'978-84-941041-0-7','la reina de las ranas no puede mojarse los pies',175,640,'animales','poder',NULL,NULL),(1182,5,'978-84-8488-267-1','un año en la selva',944,806,'pacifismo','guerra','relación padres-hijos',NULL),(1183,5,'978-84-263-8689-2','la mar chalada',945,807,'peces','mar','poesía',NULL),(1184,5,'978-84-263-8935-0','emilio se monta una fiesta',946,546,'cumpleaños','niños diferentes','relación madre-hijos',NULL),(1185,5,'978-84-263-8935-0','mi amiga kemushi',947,808,'mariposas','orugas','metamorfosis','transformaciones'),(1186,5,'978-84-96646-94-0','el secreto de tom ossobuco',618,809,'vegetarianismo','nutrición','convivencia',NULL),(1187,5,'978-84-261-3982-5','¿dónde está la ranita?: claude monet en giverny',464,810,'animales','impresionismo',NULL,NULL),(1188,5,'978-84-92750-87-0','a todos los monstruos les da miedo la oscuridad',410,357,'monstruos','miedos infantiles','oscuridad',NULL),(1189,5,'978-84-262-3952-8','un paseo con el señor gaudí',948,239,'gaudí, antonio - 1852-1926','arquitectura',NULL,NULL),(1190,5,'978-84-261-3976-4','el diario de las cajas de fósforos',949,811,'diarios','emigración','abuelos',NULL),(1191,5,'978-84-940584-9-3','caramba',950,812,'gatos','miedos','diferentes','aceptación'),(1192,5,'978-84-96646-86-5','el pobre pedro',951,208,'teatro','poesía','emociones y sentimientos',NULL),(1193,5,'978-84-15208-23-5','flora y el flamenco',952,813,'danza','relacion niño-animal',NULL,NULL),(1194,5,'978-84-8470-478-2','fede diferente',953,814,'diferentes','búsqueda de la propia identidad','emociones y sentimientos',NULL),(1195,5,'978-84-9838-505-2','el zorrito perdido: la historia del pequeño zorro que encontró una madre',954,301,'adopción','generosidad','amor','animales'),(1196,5,'978-84-92608-65-2','el sueño de matías',820,697,'sueños','pintura','arte',NULL),(1197,5,'978-84-263-8700-4','los sueños de la jirafa',386,240,'imaginación','infancia','animales',NULL),(1198,5,'978-84-263-8700-4','la caja del puerto',955,815,'ambición','emociones y sentimientos','curiosidad',NULL),(1199,5,'978-84-941041-9-0','seis hombres',474,413,'guerras','relaciones humanas',NULL,NULL),(1200,5,'978-84-15357-24-7','pablo pájaro',956,816,'imaginación','fantasía','infancia','comics europeos'),(1201,5,'978-84-92608-76-8','¡muchas gracias!',211,193,'crecimiento personal','enseñanzas morales','aprendizaje',NULL),(1202,5,'978-84-941247-8-5','concierto de piano',693,599,'música','imaginación','superación personal','miedos'),(1203,5,'978-84-939984-7-9','tac, tac, tac, plof',957,817,'mar','fantasía','animales fantásticos',NULL),(1204,5,'978-84-8464-827-7','el galeón',958,818,'humor','piratas','imaginación',NULL),(1205,5,'978-84-15357-25-4','los besos de hércules',959,NULL,'mitología','amor',NULL,NULL),(1206,5,'978-84-675-6358-0','veinte cuentos clásicos',960,62,'cuentos clásicos','animales humanizados',NULL,NULL),(1207,5,'978-84-675-6365-8','versos del mar',961,819,'mar','poesía','rimas infantiles',NULL),(1208,5,'978-84-675-6365-8','concierto para escalera y orquesta',962,410,'imaginación','música','humor','absurdo'),(1209,5,'978-84-261-4011-1','cuando desapareció el mar',963,820,'ecología','medio ambiente','mar','desiertos'),(1210,5,'978-84-15208-31-0','dos que se quieren',72,356,'amor','animales humanizados','emociones y sentimientos','parejas'),(1211,5,'978-84-9871-425-8','geno',964,821,'soledad','síndome de diógenes','imaginación','relaciones humanas'),(1212,5,'978-84-216-8965-3','el buen lobito',965,822,'lobos','bondad',NULL,NULL),(1213,5,'978-84-941016-5-6','nace eugenia',966,823,'embarazo','nacimiento','lactancia',NULL),(1214,5,'978-84-15116-76-9','la gatita que quería volver a casa',967,61,'gatos','aventuras','viajes','familia'),(1215,5,'978-84-8464-831-4','la historia de los bonobos con gafas',483,419,'feminismo','igualdad','relaciones sociales','crecimiento personal'),(1216,5,'978-84-216-9993-5','nanuk, babuk, tontuk y una foca blanca',401,5,'animales humanizados','amistad','crecimiento personal','abandono'),(1217,5,'978-84-263-8897-1','mi perro piensa que soy un genio',968,824,'arte','relación niño-animal','creatividad','cézanne, paul 1839-1906'),(1218,17,'978-84-678-4064-3','cuando óscar se escapó de la cárcel',2,5,'imaginación','aventuras','hermanos','enfermedades'),(1219,17,'978-84-678-4012-4','prohibido leer a lewis carroll',372,77,'humor','personajes de ficción','relaciones familiares','relaciones niño-adulto'),(1220,17,'978-84-271-3383-9','la baronesa en el baúl',250,NULL,'detectives','misterio','aventuras',NULL),(1221,17,'978-84-941579-1-2','el único y verdadero rey del bosque',969,325,'zorros','reyes','bosques','cazadores'),(1222,17,'978-84-92857-92-0','los indomables pensamientos del señor o',970,825,'imaginación','sentimientos','sueños',NULL),(1223,17,'978-84-683-0896-8','musgo',971,826,'guerra','perros','relación niño-animal',NULL),(1224,17,'978-84-941466-2-6','la venganza del elefante',972,827,'elefantes','actrices','venganza','teatro'),(1225,17,'978-84-15250-51-7','de los álamos al viento',973,261,'poesía','nanas',NULL,NULL),(1226,17,'978-84-216-9989-8','el profesor gárgola',974,NULL,'ciencia ficción','misterio','fantasía','criaturas fantásticos'),(1227,17,'978-84-8343-238-9','dos problemas y medio',32,707,'piratas','matemáticas','aventuras','imaginación'),(1228,17,'978-84-204-1314-3','cara: las chicas fantasma son verdes',975,NULL,'fantasmas','amistad','aventuras',NULL),(1229,17,'978-84-15208-27-3','abrazos',294,255,'emociones y sentimientos','amistad','amor','felicidad'),(1230,17,'978-84-15116-75-2','virginia wolf',543,163,'woolf, virginia 1882-1941','hermanos','depresión',NULL),(1231,17,'978-84-92608-72-0','palabras',976,15,'palabras','sentimientos','imaginación',NULL),(1232,17,'978-84-92608-72-0','la gran ola: hokusai',977,828,'japón','katsushika, hokusai 1760-1849','naturaleza','leyendas'),(1233,17,'978-84-937863-4-2','miss válida',978,829,'discapacidad','superación','imaginación','palabras'),(1234,17,'978-84-15803-10-2','mimi',979,NULL,'muerte','relaciones familiares','diarios','duelos'),(1235,17,'978-84-92696-96-3','sputnik',980,830,'extraterrestres','niños diferentes','relaciones personales','tolerancia'),(1236,17,'978-84-2720-404-1','de sastre & total',981,NULL,'humor','detectives',NULL,NULL),(1237,17,'978-84-15208-42-6','hilda y el trol',594,519,'aventuras','imaginación','folclore','comics europeos'),(1238,17,'978-84-15357-28-5','por qué nos preguntamos cosas',60,378,'pensamientos','imaginación','preguntas',NULL),(1239,17,'978-84-263-8957-2','emociones y sentimientos',220,61,'emociones y sentimientos','humor','poesía',NULL),(1240,17,'978-84-941013-0-4','el zar saltan',982,831,'celos','envidia','cuentos rusos',NULL),(1241,17,'978-84-678-4047-6','las pruebas de maguncia',983,219,'amistad','solidaridad','superación',NULL),(1242,17,'978-84-08-05045-2','cuentos para la escuela',65,832,'cuentos','imaginación',NULL,NULL),(1243,17,'978-84-673-7202-1','amor gasta zapatos de hierro',984,62,'cuentos populares','magia','amor',NULL),(1244,17,'978-84-263-8958-9','el hombre que abrazaba a los árboles',452,365,'naturaleza','relación niño-adulto',NULL,NULL),(1245,17,'978-84-279-0149-0','cartas de todos para todos',231,833,'animales humanizados','cartas','relaciones sociales','amistad'),(1246,17,'978-84-9043-033-0','la increíble historia de... la abuela gánster',985,160,'misterio','gánsters','humor','relación abuelo-nieto');
/*!40000 ALTER TABLE `books` ENABLE KEYS */;

--
-- Table structure for table `illustrators`
--

DROP TABLE IF EXISTS `illustrators`;
/*!40101 SET @saved_cs_client     = @@character_set_client */;
/*!50503 SET character_set_client = utf8mb4 */;
CREATE TABLE `illustrators` (
  `illustrator_id` int NOT NULL AUTO_INCREMENT,
  `first_name` varchar(64) DEFAULT NULL,
  `last_name` varchar(64) DEFAULT NULL,
  PRIMARY KEY (`illustrator_id`)
) ENGINE=InnoDB AUTO_INCREMENT=834 DEFAULT CHARSET=utf8 COLLATE=utf8_general_ci;
/*!40101 SET character_set_client = @saved_cs_client */;

--
-- Dumping data for table `illustrators`
--

/*!40000 ALTER TABLE `illustrators` DISABLE KEYS */;
REPLACE INTO `illustrators` VALUES (1,' pablo','auladell'),(2,' andré','letria'),(3,' riki','blanco'),(4,' roger','olmos'),(5,' emilio','urberuaga'),(6,' arthur','robins'),(7,' christoph','mett'),(8,' iván','prieto'),(9,' quentin','blake'),(10,' anette','bley'),(11,' jolly roger','bradfield'),(12,NULL,NULL),(13,' xavier','salomó'),(14,' agustín','comotto'),(15,' mónica','gutiérrez serna'),(16,' sophy','williams'),(17,' gonzalo','izquierdo'),(18,' iwona','chmielewska'),(19,' anne','romby'),(20,' juan','darién'),(21,' marcel','marlier'),(22,' ted','dewan'),(23,' claude k.','dubois'),(24,' jordi','viladoms'),(25,' teresa','martí'),(26,' miguel','gallardo'),(27,' javier','olivares'),(28,' stefanie','scharnberg'),(29,' kerstin','meyer'),(30,' bruno','gibert'),(31,' elisa','arguilé'),(32,' cecilia','varela'),(33,' bob','graham'),(34,' olivier','dussutour'),(35,'gusti','gusti'),(36,' matthew','holm'),(37,' elena','odriozola'),(38,' aljoscha','blau'),(39,' jie','zhong'),(40,' laura','bour'),(41,' konami','kanata'),(42,' gabriela','rubio'),(43,' kaatje','vermeire'),(44,' mike','kunkel'),(45,'porter & coates','porter & coates'),(46,' eva','muggenthaler'),(47,' paul','hess'),(48,' miguel','ordóñez'),(49,' noemí','villamuza y páliaz'),(50,' vicky','sempere'),(51,' judit','morales'),(52,' christine','nöstlinger'),(53,' martina','vanda'),(54,' charlotte','voake'),(55,' miguel ángel','díez'),(56,' claudia','ranucci'),(57,' teresa','novoa'),(58,' yvan','pommaux'),(59,' ximena','maier'),(60,' gabi','swiatkowska'),(61,' anna laura','cantone'),(62,' federico','delicado'),(63,' béatrice','rodriguez'),(64,' gustavo','roldán'),(65,' andy','rowland'),(66,' claudia','rueda'),(67,' andréa','guerrero'),(68,' axel','scheffler'),(69,' edmée','cannard'),(70,' rebeca','luciani'),(71,' kristina','stephenson'),(72,' helen','oxenbury'),(73,' komako','sakaï'),(74,' reiner','zimnik'),(75,' jesús','aguado'),(76,' carles','arbat'),(77,' raúl','sagospe'),(78,' leo','brown'),(79,' francisco','pimiango'),(80,' luciana justiniani','hees'),(81,' emmanuelle','houdart'),(82,' mila','boutan'),(83,' catherine','meurisse'),(84,' rémi','courgeon'),(85,' jeffrey','brown'),(86,' frederico','delicado'),(87,' miguelanxo','prado'),(88,' robert','ingpen'),(89,' jiang hong','chen'),(90,'tony, holly','diterlizzi, black'),(91,' john','bull'),(92,' hendrik','dorgathen'),(93,' anne-lise','boutin'),(94,' marina','seoane'),(95,' p. craig','russell'),(96,' alicia','guillén casaña'),(97,' patricia','geis'),(98,' maría','espluga'),(99,' miguel','navia'),(100,' josé luis','cano'),(101,' nicolás','fernández'),(102,' babette','cole'),(103,' miguel','tanco'),(104,' paula','alenda'),(105,' stian','hole'),(106,' jorge','gonzález'),(107,' brian','williamson'),(108,' adam','larkum'),(109,'rif','rif'),(110,' christine','beigei'),(111,' rébecca','dautremer'),(112,' raphäel','gauthey'),(113,' maría','wernicke'),(114,' frantisek','simak'),(115,' shaun','tan'),(116,' winifried','opganoorth'),(117,' sara','rojo'),(118,' antonio','fraguas'),(119,' paloma','valdivia'),(120,' christopher','corr'),(121,' sergio','mora'),(122,' bartolo','torres'),(123,'puño','puño'),(124,' liora','grossman'),(125,' adam','rex'),(126,' alejandro','magallanes'),(127,' violeta','lópiz'),(128,' martz','schmidt'),(129,' jens','rassmus'),(130,' renato','alarcao'),(131,' nathalie','novi'),(132,' christophe','blain'),(133,' bill','slavin'),(134,' jeff','smith'),(135,' jorge','galán liquete'),(136,' kaoru','sekizumi'),(137,' marc','torrent'),(138,' raquel','marín'),(139,' sergio','garcía'),(140,' einar','turkowski'),(141,' artur','heras'),(142,' manuel','vázquez'),(143,' quino','marín'),(144,' frantz','duchazeau'),(145,' isabelle','vandenabeele'),(146,'vilar','vilar'),(147,' catherine','louis'),(148,' denis','lelièvre'),(149,' raquel','aparicio'),(150,' jacobo','muñiz'),(151,' gabriel','pacheco'),(152,' pable','auladell'),(153,' mariona','cabassa'),(154,' mike','gordon'),(155,' martina','badstuber'),(156,' manuel','monroy'),(157,' irene','blasco'),(158,'blexbolex','blexbolex'),(159,' ana','bonilla rius'),(160,' tony','ross'),(161,' sonja','bougaeva'),(162,' isabelle','carrier'),(163,' isabelle','arsenault'),(164,' xavier','collette'),(165,' chih-yuan','chen'),(166,' heon-kyung','smi'),(167,' lucy','cousins'),(168,' nathalie','choux'),(169,' pierre-marie','valat'),(170,' guy','delisle'),(171,' max','hierro'),(172,' enrique','flores'),(173,' aurélia','fronty'),(174,' michael','foreman'),(175,' simona','mulazzani'),(176,'linhart','linhart'),(177,' donald','grant'),(178,' david','small'),(179,' ros','asquith'),(180,' benoît','jacques'),(181,' oliver','jeffers'),(182,' mauri','kunnas'),(183,' benjamín','lacombe'),(184,' magali','le huche'),(185,' suzy','lee'),(186,' marjolaine','leray'),(187,' marie','caudry'),(188,' hanne','bartholin'),(189,' detlef','kersten'),(190,' silvina','socolovsky'),(191,' carme','solé vendrell'),(192,'max','max'),(193,' bernardo','carvalho'),(194,' jon j','muth'),(195,' miguel','brieva'),(196,'santi, alex','navarro, fuentes'),(197,' juan','berrio'),(198,' manuela','olten'),(199,' eitaro','oshima'),(200,' yoko','tanaka'),(201,' miguel','calatayud'),(202,' géraldine','alibeu'),(203,' aitana','carrasco'),(204,' anuska','allepuz'),(205,' javier','sáez castán'),(206,' antonio','santos'),(207,' alba','marina rivera'),(208,' peter','schössow'),(209,' bruno','heitz'),(210,' ingo','siegner'),(211,' ulises','wensell'),(212,' lluïsa','jover'),(213,' marit','törnqvist'),(214,' arnal','ballester'),(215,' montse','ginesta'),(216,' philip','waechter'),(217,' mélanie','watt'),(218,' robert e.','wells'),(219,' eugenia','ábalos'),(220,' jeanette','winter'),(221,' ixchel','estrada'),(222,' cecilia','afonso esteves'),(223,' rhea','wells'),(224,' matteo','piana'),(225,' alicia','suárez'),(226,' óscar','villán'),(227,' jurgen','ziewe'),(228,' fernando','vilela'),(229,' lorena','torres'),(230,' joshua','pease'),(231,' eduardo','ortiz'),(232,' john','kelly'),(233,' christine','delezenne'),(234,' beverley','young'),(235,' gilly','marklew'),(236,' guillaume','duprat'),(237,' paul','rogers'),(238,' mariana','medeiros massarani'),(239,' pau','estrada'),(240,' xan','lópez domínguez'),(241,' nicolay','troshinsky'),(242,' leonard','beard'),(243,' josé','fonollosa'),(244,' carlos','cubiero'),(245,' edward','gorey'),(246,' geoff','ward'),(247,' nikolaus','heidelbach'),(248,' tove','jansson'),(249,' guy','travis'),(250,' jeff','kinney'),(251,' renate','habinger'),(252,' ignasi','blanch'),(253,' giles','laroche'),(254,' roberto','innocenti'),(255,' jimmy','liao'),(256,' hugo van','look'),(257,' cristina','müller'),(258,' marion','peuch'),(259,' lucía','serrano'),(260,' jordi','sempere'),(261,' fernando','vicente'),(262,' peter','sís'),(263,' jordi','vila delclós'),(264,' pablo','fernández'),(265,' jennie','maizels'),(266,' oriol','hernández'),(267,' winnie','gebhardt-gayler'),(268,' rotraut susanne','berner'),(269,' jürgen','rieckhoff'),(270,' sara','rosenberg'),(271,' joanna','concejo'),(272,' mikel','mardones'),(273,' pete','williamson'),(274,' judith','gueyfier'),(275,' carlos','velázquez'),(276,'giuseppe, daniele','facciotto, verzini'),(277,'tässies','tässies'),(278,'tute','tute'),(279,' jokin','mitxelena'),(280,' eugenia','alcázar'),(281,' rafael','vivas'),(282,' lyona','alyona'),(283,' esther','garcía cortés'),(284,' anthony','browne'),(285,' natalie','pudalov'),(286,' quint','bucchholz'),(287,' benjamin','chaud'),(288,' katie','cleminson'),(289,'miss clara','miss clara'),(290,' wanda','gág'),(291,' andrés','guerrero'),(292,' günther','jakobs'),(293,' alan','clarke'),(294,'janosch','janosch'),(295,' fernando','krahn'),(296,' martín','león barreto'),(297,'lluïsot','lluïsot'),(298,' marjorie','pourchet'),(299,' juan ramón','alonso'),(300,' daniel','montero galán'),(301,' reinhard','michl'),(302,' steve','james'),(303,' eva','sans'),(304,' sven','nordqvist'),(305,' delphine','perret'),(306,' marcus','pfister'),(307,'pinto, chinto','_, _'),(308,' maurice','pledger'),(309,' mordicai','gerstein'),(310,' niroot','puttapipat'),(311,' ramón','parís'),(312,' piret','raud'),(313,' jacky','gleich'),(314,' ana','miralles'),(315,' kathrin','schärer'),(316,' olivier','tallec'),(317,' lane','smith'),(318,' susanne','strasser'),(319,'marije, ronald','tolman, tolman'),(320,' òscar','julve'),(321,' polly','wreford'),(322,' kazuo','iwamura'),(323,' antonia','santolaya'),(324,' ianna','andréadis'),(325,' iban','barrenetxea'),(326,' john','o\'brien'),(327,'demi','demi'),(328,' fernando','falcone'),(329,' ian','falconer'),(330,'patricia, marcos','castelao, calo'),(331,' patricia','metola'),(332,' peter','kent'),(333,' leticia','ruifernández'),(334,'benjamin','lacombe'),(335,' nishant','choksi'),(336,' ute','krause'),(337,'juan m.','moreno'),(338,'alexandra, anke','maxeiner, kuhl'),(339,' jordi','vila delcòs'),(340,' daniel','torrent'),(341,' núria','feijoo'),(342,' kim','amate'),(343,' elsa','henriquez'),(344,' marjane','satrapi'),(345,' adolfo','serra'),(346,' jessie','willcox smith'),(347,'laszlo, martin, julian','veres, sanders, baker'),(348,' thomas','flintham'),(349,'guridi','guridi'),(350,' cynthia','orensztajn'),(351,' ron','barrett'),(352,' lucie','müllerová'),(353,' rafael','yockteng'),(354,' lina','žutauto'),(355,' raquel','díaz reguera'),(356,' wolf','erlbruch'),(357,' kris','di giacomo'),(358,' poly','bernatene'),(359,' carmen','garcía iglesias'),(360,' nanu','gonzález'),(361,' maría','hergueta'),(362,' sara','ogilvie'),(363,' noemí','villamuza'),(364,' alicia','varela'),(365,' ester','garcía'),(366,' fernando','pérez hernando'),(367,' hildegard','müller'),(368,' febe','sillani'),(369,' maría valeria','gallo'),(370,' cristina','pérez navarro'),(371,' natascha','rosenberg'),(372,' emmanuelle','teyras'),(373,' klaas','verplancke'),(374,' ron','brooks'),(375,' anna','anastasova'),(376,' conrad','roset tenllado'),(377,' zuzanna','celej'),(378,' javier','zabala'),(379,' sonja','danowski'),(380,' laëtitia','devernay'),(381,' friedrich','hechelmann'),(382,' josé luis','navarro'),(383,' sonja','wimmer'),(384,' tomás','hijo'),(385,' alejandra','acosta argomedo'),(386,' david','dean'),(387,' jordi','villaverde'),(388,' clara','luna'),(389,' danuta','rwojciechowska'),(390,' nicole de','cock'),(391,' laura','park'),(392,' pablo','otero'),(393,'oski','oski'),(394,' marta','altés'),(395,' enrique','quevedo'),(396,' andré','bouchard'),(397,' mauricio','gómez morin'),(398,' nívola','uyá'),(399,' patricia','castelao'),(400,' marta','chaves'),(401,' matthew','cordell'),(402,' alberto','vázquez'),(403,' peggy','nile'),(404,' david','granados niubó'),(405,' nono','granero'),(406,' ronald','heuninck'),(407,'william, joe','joyce, bluhm'),(408,' ji-hyun','lee'),(409,' matthew','forsyth'),(410,' carole','hénaff'),(411,' rocío','martínez'),(412,' anke','kuhl'),(413,' david','mckee'),(414,' iratxe','lópez de munaín'),(415,' marjorie','porchet'),(416,' fiep','westendorp'),(417,' maurice','sendak'),(418,' hannah','shaw'),(419,' nella','bosnia'),(420,' peter h.','reynolds'),(421,' david','wiesner'),(422,' emmanuelle','tchoukriel'),(423,' juan manuel','santomé'),(424,' juan','hernaz'),(425,' alli','arnold'),(426,' júlia','sardà'),(427,' beatriz','martín vidal'),(428,' tobias','krejtschi'),(429,' daniel','tornero'),(430,' ingrid','vang-nyman'),(431,' rosa','osuna'),(432,' mercè','lópez'),(433,' matthias','picard'),(434,' andré','françois'),(435,' jesús','gabán'),(436,' chris','riddell'),(437,' jacobo','fernández serrano'),(438,'albertine','albertine'),(439,' xosé','cobas'),(440,' ximo','abadía'),(441,' lionel','serre'),(442,'atak','atak'),(443,'martin, christine','baltzceit, schwarz'),(444,' adrienne','barman'),(445,' olga','capdevila'),(446,' keith','bendis'),(447,' carmen','segovia'),(448,' rocío','bonilla'),(449,' wilhelm','busch'),(450,' jason','chin'),(451,' mike','curato'),(452,'okido studio','okido studio'),(453,' viviane','schwarz'),(454,'sr. lópez','sr. lópez'),(455,' olga de','dios'),(456,' maria josé','ferrada'),(457,' erin e.','stead'),(458,' ruth chrisman','gannet'),(459,' marc','bou'),(460,' ángeles','vargas'),(461,' lee','wildish'),(462,'icinori','icinori'),(463,' dahlov','ipcar'),(464,'isol','isol'),(465,' steve','jenkins'),(466,' soyeon','kim'),(467,' torben','kuhlmann'),(468,' renata','liwska'),(469,' alex','latimer'),(470,' david t.','wenzel'),(471,' katja','gehrmann'),(472,' øyvind','torseter'),(473,' matte','stephens'),(474,' manuel','marsol'),(475,' jackie','morris'),(476,' edu','flores'),(477,' almudena','suárez'),(478,' joão','vaz de carvalho'),(479,' maría','pascual'),(480,' levi','pinfold'),(481,' peter','brown'),(482,' raúl','nieto guridi'),(483,' mary','grandpré'),(484,' fan eng','gee'),(485,' shel','silverstein'),(486,' jon','klassen'),(487,' catarina','sobral'),(488,' hathalie','novi'),(489,' bob','staake'),(490,' frank','tashlin'),(491,' eugenia','nobati'),(492,' juan','palomino'),(493,' éric','veillé'),(494,' miguel','cerro'),(495,' amaya','bozal'),(496,' goyo','rodríguez'),(497,' chema','garcía'),(498,' amélie','fontaine'),(499,' jan','de kinder'),(500,' mathilde','domecq'),(501,' élodie','nouhen'),(502,' maría','elina'),(503,' natsumi','hoshino'),(504,' rocío','araya'),(505,' marion','lindsay'),(506,' ana g.','lartitegui'),(507,' henrik','jonsson'),(508,' alison','lester'),(509,'nono k.','nono k.'),(510,' xiong','liang'),(511,' bjorn rune','lie'),(512,' bea','tormo'),(513,' jordi','solano'),(514,' jean-jacques','sempé'),(515,' javier','andrada'),(516,' julio antonio','blasco'),(517,' akihiro','nishino'),(518,' arianna','papini'),(519,' luke','pearson'),(520,' arianna','vairo'),(521,' sarah','mcintyre'),(522,' jörg','müller'),(523,' albert','asensio'),(524,' chito de','arriba'),(525,' stebba','ósk ómarsdóttir'),(526,' lola','rodríguez soler'),(527,' jean-frannçois','martin'),(528,' gabriella','giandelli'),(529,' albert','arrayás'),(530,' sandra de la','prada'),(531,' luciano','lozano'),(532,' amy','husband'),(533,' jean de','brunhoff'),(534,' stephen','walton'),(535,' anna','forlati'),(536,' jenni','desmond'),(537,'maribel, lupe','ganzo, estévez'),(538,' christyan','fox'),(539,' akin','düzakin'),(540,' isidro','ferrer'),(541,'lemniscates','lemniscates'),(542,' anna','llenas'),(543,' betania','zacarías'),(544,' susana','rosique'),(545,' diego','bianki'),(546,' ronan','badel'),(547,' anna','castagnoli'),(548,' francesca','sanna'),(549,' stéphanie roth','sisson'),(550,' thé','tjong-khing'),(551,' max','velthuijs'),(552,' lani','yamamoto'),(553,' zoraida','zaro'),(554,' ahn','zhe'),(555,' neil','packer'),(556,' kristjana s.','williams'),(557,' pep','boatella'),(558,' julie','colombet'),(559,' victor','rivas'),(560,' owen','davey'),(561,' michael','sowa'),(562,' dani','torrent'),(563,'hittouch','hittouch'),(564,' kyle','kilton'),(565,' gillian','newland'),(566,' kestutis','kasparavicius'),(567,'thilopía','thilopía'),(568,'aleksandra, daniel','mizielinska, mizielinski'),(569,' ona','caussa'),(570,' carlos','silvar'),(571,' katie','scott'),(572,'harantula','harantula'),(573,' john','hersey'),(574,' erica','salcedo'),(575,' ruiz','ruiz'),(576,' paula','blumen'),(577,'sempé','sempé'),(578,' maria','jönsson'),(579,' maite','gurrutxaga'),(580,' anuska et al.','allepuz'),(581,' beatriz','barbero-gil'),(582,' nadia','menotti'),(583,' alicia','baladan'),(584,'garcía ester','garcía ester'),(585,' julien','billaudeau'),(586,' anna','gordillo'),(587,' mara','cerri'),(588,' miguel ángel','pacheco'),(589,' seng soun','ratanavanh'),(590,' rebecca','luciani'),(591,' antónio jorge','gonçalves'),(592,' laia','domènech'),(593,' maria reyes','guijarro'),(594,'oliver, sam','jeffers, winston'),(595,' elisabeth helland','larsen'),(596,' matthieu','maudet'),(597,' arnold','lobel'),(598,' flavia','zorrilla'),(599,' akiko','miyakoshi'),(600,'moniz madalena','moniz madalena'),(601,' laurent','moreau'),(602,' gerhard','oberländer'),(603,' anja','klauss'),(604,' ana','palmero cáceres'),(605,' iris','samartzi'),(606,'fabrice, véronique','parme, dreher'),(607,'sozapato','sozapato'),(608,' thibault','prugne'),(609,' uwe','heidschötter'),(610,' ed','young'),(611,' clara','soriano'),(612,' diego','alterleib'),(613,' gilles','bachelet'),(614,' coralie','bickford-smith'),(615,' oriol','vidal'),(616,' sonia m. l.','possentini'),(617,' laura','carlin'),(618,' jeff','pourquié'),(619,'el pozo de los ratones','el pozo de los ratones'),(620,'paloma, kike','corral, ibáñez'),(621,' david','guirao'),(622,' sébastien','mourrain'),(623,' concha','martínez pasamar'),(624,'guojing','guojing'),(625,' emily','gravett'),(626,' william','joyce'),(627,' helena','öberg'),(628,' alexander','jansson'),(629,' riad','sattouf'),(630,' joann','sfar'),(631,' piotr','socha'),(632,' elizabeth','builes'),(633,' patricio','betteo'),(634,' jakob','wegelius'),(635,' lucy','letherland'),(636,' robert','barry'),(637,' allison','colpbys'),(638,' vladimir','radunsky'),(639,' alejandra','estrada'),(640,' marco','somà'),(641,' maría','girón'),(642,' benji','davies'),(643,' jean-marc','fiess'),(644,' peter','goes'),(645,' daniel','gray-barnett'),(646,' jennie','webber'),(647,' iker','ayestaran'),(648,' abigail','halpin'),(649,' valentina','malgarise'),(650,' jessica','love'),(651,' chiara','carrer'),(652,' julie','morstad'),(653,' miguel','díez lasangre'),(654,' justine','brax'),(655,' guillaume','perreault'),(656,' nikolai','popov'),(657,'romana, andriy','romanyshyn, lesiv'),(658,' lucía','cobo'),(659,' william','steig'),(660,' joe','todd-stanton'),(661,' tomi','ungerer'),(662,' mariachiara','di giorgio'),(663,' yuval','zommer'),(664,' marc','taeger'),(665,' andrea','antinori'),(666,'cece, david','bell, lasky'),(667,'claudia, eleanor','bold, meredith'),(668,'violeta, valerio','lópiz, vidali'),(669,' daniel','piqueras fisk'),(670,'inês','caste-branco'),(671,' mar','azabal'),(672,' jacques','goldstyn'),(673,' mari kanstad','johnsen'),(674,' yoo','jun-jae'),(675,' cristina','moreda'),(676,' luisa','méndez'),(677,' katie','o\'neill'),(678,' ana','pez'),(679,' rena','ortega'),(680,' fiona','robinson'),(681,' j.','borges'),(682,' ana','sender'),(683,' maría','beitia'),(684,' kunihiko','aoyama'),(685,' mélodie','baschet'),(686,' maite','mutuberria'),(687,' matías','acosta'),(688,' jane','ray'),(689,' marianne','dubuc'),(690,' yael','frankel'),(691,' mathias','friman'),(692,' emma','giuliani'),(693,' santiago','gonzález'),(694,' carmen','fernández agudo'),(695,' florence','guiraud'),(696,' christian','inaraja'),(697,' leo','lionni'),(698,' andreu','llinàs'),(699,' stéphane','fert'),(700,'martín vidal beatriz','martín vidal beatriz'),(701,' rhode','montijo'),(702,' lorena','martínez oronoz'),(703,' kike','ibáñez'),(704,' silvia','álvarez'),(705,' sergio','olivotti'),(706,' yoko','sano'),(707,' francesc','rovira'),(708,' gemma','capdevila'),(709,'judith, julien','gueyfier, norwood'),(710,' joana','casals'),(711,' agnes','våhlund'),(712,' alain','verster'),(713,' sofía','venzel'),(714,' emilia','dziubak'),(715,' shinsuke','yoshitake'),(716,' pierre','zenzius'),(717,' lisa','aisato'),(718,' anna','clariana'),(719,' jan','bajtlik'),(720,' tomislav','tomic'),(721,' roser','argemí'),(722,'aa.vv.','aa.vv.'),(723,' paolo','canevari'),(724,' natalia','zaratiegui'),(725,'vv.aa.','vv.aa.'),(726,'séverine, aurélie','assous, boissière'),(727,' isabel','greenberg'),(728,' hélène','druvert'),(729,' kristian eskild','jensen'),(730,' rambharos','jha'),(731,' ona','caussa rius'),(732,' vincent','mahé'),(733,' maría elina','méndez'),(734,' xavier','bonet'),(735,' anna','aparicio català'),(736,' marco','corona'),(737,' judi','abbot'),(738,' bev','johnson'),(739,' riccardo','guasco'),(740,' montse','galbany'),(741,' sabina','radeva'),(742,' samuel','castaño mesa'),(743,' marianna','madriz'),(744,' victòria','tubau'),(745,' janet','ahlberg'),(746,' esther','gili'),(747,' kelly','canby'),(748,' flor','kaneshiro'),(749,' tánia','garcia'),(750,' maría','padilla'),(751,' mariona','tolosa sisteré'),(752,' clémence','pollet'),(753,' anna','fiske'),(754,' james','flora'),(755,' benjamin','flouw'),(756,' joëlle','jolivet'),(757,' victoria','furze'),(758,' elisa','alaya'),(759,' valeria','petrone'),(760,' toni','galmés'),(761,' césar','barceló'),(762,' jenny','jordahl'),(763,' claire','lebourg'),(764,' madalena','matoso'),(765,' rocio','martinez pérez'),(766,' marika','maijala'),(767,' daniela','ortiz'),(768,' yago','partal'),(769,' cristina','portolano'),(770,' vincent','caut'),(771,' jack','tite'),(772,' martín','romero'),(773,' richard','scarry'),(774,' barbara','scholz'),(775,' naoko','machida'),(776,' emily','tetri'),(777,' paul','galdone'),(778,' francesco','tullio-altan'),(779,' alexander','utkin'),(780,' karine','daisay'),(781,' mouni','feddag'),(782,' dušan','petričić'),(783,' eduard','altarriba'),(784,' rachel','caiano'),(785,' quim','bou'),(786,' dino','buzzati'),(787,' jordi','sunyer'),(788,' marcos','navarro'),(789,' regina','kehn'),(790,' ale','díaz bouza'),(791,' cornelia','funke'),(792,' david','pintor'),(793,' pietro','gottuso'),(794,' dahlov zorach','ipcar'),(795,' ana','juan'),(796,'suzuka','suzuka'),(797,' s.d.','schindler'),(798,' rolf','gérard'),(799,' antoine','ronzon'),(800,' beatriz','castro'),(801,' miren','asiain lora'),(802,' ana','campos'),(803,' marta','salcedo gonzález'),(804,' drew','weing'),(805,' maris','wicks'),(806,' suzanne','collins'),(807,' ester','garcía cortés'),(808,' mandana','sadat'),(809,' roberto','lauciello'),(810,'girel stéphane','girel stéphane'),(811,' bagram','ibatoulline'),(812,' marie-louise','gay'),(813,' molly','idle'),(814,' miriam','koch'),(815,' maritxell','duran'),(816,' alé','mercado'),(817,' minia','regos'),(818,' guillermo','mordillo'),(819,' paz','rodero'),(820,' bárbara','sansó'),(821,' oscar','sabini'),(822,' nadia','sireen'),(823,' cristina','méndez'),(824,'barroux','barroux'),(825,' verónica','gatti'),(826,' esther','burgueño'),(827,' carla','olivé'),(828,' bruno','pilorget'),(829,' natalia','colombo'),(830,' sabine','kranz'),(831,' iván iakovlevich','bilibin'),(832,' giulia','orecchia'),(833,' jessica','ahlberg');
/*!40000 ALTER TABLE `illustrators` ENABLE KEYS */;

--
-- Table structure for table `lists`
--

DROP TABLE IF EXISTS `lists`;
/*!40101 SET @saved_cs_client     = @@character_set_client */;
/*!50503 SET character_set_client = utf8mb4 */;
CREATE TABLE `lists` (
  `list_id` int NOT NULL AUTO_INCREMENT,
  `ages` varchar(32) DEFAULT NULL,
  `year` int DEFAULT NULL,
  PRIMARY KEY (`list_id`)
) ENGINE=InnoDB AUTO_INCREMENT=25 DEFAULT CHARSET=utf8 COLLATE=utf8_general_ci;
/*!40101 SET character_set_client = @saved_cs_client */;

--
-- Dumping data for table `lists`
--

/*!40000 ALTER TABLE `lists` DISABLE KEYS */;
REPLACE INTO `lists` VALUES (1,'6 to 8',2009),(2,'6 to 8',2010),(3,'6 to 8',2011),(4,'6 to 8',2012),(5,'6 to 8',2013),(6,'6 to 8',2014),(7,'6 to 8',2015),(8,'6 to 8',2016),(9,'6 to 8',2017),(10,'6 to 8',2018),(11,'6 to 8',2019),(12,'6 to 8',2020),(13,'9 to 11',2009),(14,'9 to 11',2010),(15,'9 to 11',2011),(16,'9 to 11',2012),(17,'9 to 11',2013),(18,'9 to 11',2014),(19,'9 to 11',2015),(20,'9 to 11',2016),(21,'9 to 11',2017),(22,'9 to 11',2018),(23,'9 to 11',2019),(24,'9 to 11',2020);
/*!40000 ALTER TABLE `lists` ENABLE KEYS */;
/*!40103 SET TIME_ZONE=@OLD_TIME_ZONE */;

/*!40101 SET SQL_MODE=@OLD_SQL_MODE */;
/*!40014 SET FOREIGN_KEY_CHECKS=@OLD_FOREIGN_KEY_CHECKS */;
/*!40014 SET UNIQUE_CHECKS=@OLD_UNIQUE_CHECKS */;
/*!40101 SET CHARACTER_SET_CLIENT=@OLD_CHARACTER_SET_CLIENT */;
/*!40101 SET CHARACTER_SET_RESULTS=@OLD_CHARACTER_SET_RESULTS */;
/*!40101 SET COLLATION_CONNECTION=@OLD_COLLATION_CONNECTION */;
/*!40111 SET SQL_NOTES=@OLD_SQL_NOTES */;

-- Dump completed on 2021-04-17 19:33:10
